[Mon Aug 31 06:37:02 2026] PHP 8.2.12 Development Server (http://localhost:8080) started
[Mon Aug 31 06:37:07 2026] [::1]:52380 Accepted
[Mon Aug 31 06:37:07 2026] [::1]:52380 Closing
[Mon Aug 31 06:39:23 2026] [::1]:59319 Accepted
[Mon Aug 31 06:39:23 2026] [::1]:59319 Closing
[Mon Aug 31 06:41:38 2026] [::1]:57945 Accepted
[Mon Aug 31 06:41:38 2026] [::1]:57945 Closing
[Mon Aug 31 06:41:38 2026] [::1]:57947 Accepted
[Mon Aug 31 06:41:38 2026] [::1]:57947 Closing
[Mon Aug 31 06:41:38 2026] [::1]:57949 Accepted
[Mon Aug 31 06:41:38 2026] [::1]:57949 Closing
[Mon Aug 31 06:41:47 2026] [::1]:55140 Accepted
[Mon Aug 31 06:41:47 2026] [::1]:55140 Closing
[Mon Aug 31 06:41:47 2026] [::1]:55142 Accepted
[Mon Aug 31 06:41:47 2026] [::1]:55142 Closing
[Mon Aug 31 06:41:47 2026] [::1]:55144 Accepted
[Mon Aug 31 06:41:48 2026] [::1]:55144 Closing
[Mon Aug 31 06:41:48 2026] [::1]:55146 Accepted
[Mon Aug 31 06:41:48 2026] [::1]:55146 Closing
[Mon Aug 31 06:42:27 2026] [::1]:59676 Accepted
[Mon Aug 31 06:42:27 2026] [::1]:59676 Closing
[Mon Aug 31 06:42:27 2026] [::1]:59678 Accepted
[Mon Aug 31 06:42:27 2026] [::1]:59678 Closing
[Mon Aug 31 06:42:27 2026] [::1]:59680 Accepted
[Mon Aug 31 06:42:27 2026] [::1]:59680 Closing
[Mon Aug 31 06:42:27 2026] [::1]:59682 Accepted
[Mon Aug 31 06:42:28 2026] [::1]:59682 Closing
[Mon Aug 31 06:42:28 2026] [::1]:59684 Accepted
[Mon Aug 31 06:42:28 2026] [::1]:59684 Closing
[Mon Aug 31 06:42:28 2026] [::1]:59686 Accepted
[Mon Aug 31 06:42:28 2026] [::1]:59686 Closing
[Mon Aug 31 06:42:44 2026] [::1]:59714 Accepted
[Mon Aug 31 06:42:44 2026] [::1]:59714 Closing
[Mon Aug 31 06:42:44 2026] [::1]:59716 Accepted
[Mon Aug 31 06:42:44 2026] [::1]:59716 Closing
[Mon Aug 31 06:42:44 2026] [::1]:59718 Accepted
[Mon Aug 31 06:42:44 2026] [::1]:59718 Closing
[Mon Aug 31 06:42:44 2026] [::1]:59720 Accepted
[Mon Aug 31 06:42:44 2026] [::1]:59720 Closing
[Mon Aug 31 06:42:44 2026] [::1]:59722 Accepted
[Mon Aug 31 06:42:44 2026] [::1]:59722 Closing
[Mon Aug 31 06:44:14 2026] [::1]:63862 Accepted
[Mon Aug 31 06:44:14 2026] [::1]:63862 Closing
[Mon Aug 31 06:44:14 2026] [::1]:63864 Accepted
[Mon Aug 31 06:44:14 2026] [::1]:63864 Closing
[Mon Aug 31 06:44:14 2026] [::1]:63866 Accepted
[Mon Aug 31 06:44:14 2026] [::1]:63866 Closing
[Mon Aug 31 06:44:14 2026] [::1]:63868 Accepted
[Mon Aug 31 06:44:14 2026] [::1]:63868 Closing
[Mon Aug 31 06:44:28 2026] [::1]:63896 Accepted
[Mon Aug 31 06:44:28 2026] [::1]:63896 Closing
[Mon Aug 31 06:44:28 2026] [::1]:63898 Accepted
[Mon Aug 31 06:44:28 2026] [::1]:63898 Closing
[Mon Aug 31 06:44:28 2026] [::1]:63900 Accepted
[Mon Aug 31 06:44:28 2026] [::1]:63900 Closing
[Mon Aug 31 06:44:28 2026] [::1]:63902 Accepted
[Mon Aug 31 06:44:28 2026] [::1]:63902 Closing
[Mon Aug 31 06:44:28 2026] [::1]:63904 Accepted
[Mon Aug 31 06:44:29 2026] [::1]:63904 Closing
[Mon Aug 31 06:44:29 2026] [::1]:63906 Accepted
[Mon Aug 31 06:44:29 2026] [::1]:63906 Closing
[Mon Aug 31 06:44:42 2026] [::1]:63934 Accepted
[Mon Aug 31 06:44:42 2026] [::1]:63934 Closing
[Mon Aug 31 06:44:43 2026] [::1]:63936 Accepted
[Mon Aug 31 06:44:43 2026] [::1]:63936 Closing
[Mon Aug 31 06:44:43 2026] [::1]:51083 Accepted
[Mon Aug 31 06:44:43 2026] [::1]:51083 Closing
[Mon Aug 31 06:44:43 2026] [::1]:62241 Accepted
[Mon Aug 31 06:44:43 2026] [::1]:62241 Closing
[Mon Aug 31 06:44:43 2026] [::1]:62243 Accepted
[Mon Aug 31 06:44:43 2026] [::1]:62243 Closing
[Mon Aug 31 06:44:43 2026] [::1]:62245 Accepted
[Mon Aug 31 06:44:43 2026] [::1]:62245 Closing
[Mon Aug 31 06:44:54 2026] [::1]:64482 Accepted
[Mon Aug 31 06:44:55 2026] [::1]:64482 Closing
[Mon Aug 31 06:44:55 2026] [::1]:64484 Accepted
[Mon Aug 31 06:44:55 2026] [::1]:64484 Closing
[Mon Aug 31 06:44:55 2026] [::1]:64486 Accepted
[Mon Aug 31 06:44:55 2026] [::1]:64486 Closing
[Mon Aug 31 06:44:55 2026] [::1]:64488 Accepted
[Mon Aug 31 06:44:55 2026] [::1]:64488 Closing
[Mon Aug 31 06:44:55 2026] [::1]:64490 Accepted
[Mon Aug 31 06:44:56 2026] [::1]:64490 Closing
[Mon Aug 31 06:44:56 2026] [::1]:64492 Accepted
[Mon Aug 31 06:44:56 2026] [::1]:64492 Closing
[Mon Aug 31 06:45:31 2026] [::1]:65488 Accepted
[Mon Aug 31 06:45:31 2026] [::1]:65488 Closing
[Mon Aug 31 06:45:31 2026] [::1]:65491 Accepted
[Mon Aug 31 06:45:31 2026] [::1]:65491 Closing
[Mon Aug 31 06:45:31 2026] [::1]:65493 Accepted
[Mon Aug 31 06:45:31 2026] [::1]:65493 Closing
[Mon Aug 31 06:45:31 2026] [::1]:65495 Accepted
[Mon Aug 31 06:45:31 2026] [::1]:65495 Closing
[Mon Aug 31 06:45:31 2026] [::1]:65497 Accepted
[Mon Aug 31 06:45:32 2026] [::1]:65497 Closing
[Mon Aug 31 06:45:32 2026] [::1]:65499 Accepted
[Mon Aug 31 06:45:32 2026] [::1]:65499 Closing
[Mon Aug 31 06:45:44 2026] [::1]:62580 Accepted
[Mon Aug 31 06:45:44 2026] [::1]:62580 Closing
[Mon Aug 31 06:45:45 2026] [::1]:62582 Accepted
[Mon Aug 31 06:45:45 2026] [::1]:62582 Closing
[Mon Aug 31 06:45:45 2026] [::1]:62584 Accepted
[Mon Aug 31 06:45:45 2026] [::1]:62584 Closing
[Mon Aug 31 06:45:45 2026] [::1]:62586 Accepted
[Mon Aug 31 06:45:45 2026] [::1]:62586 Closing
[Mon Aug 31 06:45:45 2026] [::1]:62588 Accepted
[Mon Aug 31 06:45:45 2026] [::1]:62588 Closing
[Mon Aug 31 06:45:45 2026] [::1]:62590 Accepted
[Mon Aug 31 06:45:45 2026] [::1]:62590 Closing
[Mon Aug 31 06:46:26 2026] [::1]:62807 Accepted
[Mon Aug 31 06:46:26 2026] [::1]:52116 Accepted
[Mon Aug 31 06:46:26 2026] [::1]:62807 Closing
[Mon Aug 31 06:46:26 2026] [::1]:52116 Closing
[Mon Aug 31 06:46:26 2026] [::1]:51337 Accepted
[Mon Aug 31 06:46:26 2026] [::1]:51337 Closing
[Mon Aug 31 06:46:29 2026] [::1]:63058 Accepted
[Mon Aug 31 06:46:29 2026] [::1]:64853 Accepted
[Mon Aug 31 06:46:29 2026] [::1]:63058 Closing
[Mon Aug 31 06:46:29 2026] [::1]:64853 Closing
[Mon Aug 31 06:46:29 2026] [::1]:63143 Accepted
[Mon Aug 31 06:46:29 2026] [::1]:63143 Closing
[Mon Aug 31 06:46:31 2026] [::1]:63863 Accepted
[Mon Aug 31 06:46:32 2026] [::1]:63863 Closing
[Mon Aug 31 06:46:32 2026] [::1]:54900 Accepted
[Mon Aug 31 06:46:32 2026] [::1]:54900 Closing
[Mon Aug 31 06:46:32 2026] [::1]:58017 Accepted
[Mon Aug 31 06:46:32 2026] [::1]:58017 Closing
[Mon Aug 31 06:46:32 2026] [::1]:54475 Accepted
[Mon Aug 31 06:46:32 2026] [::1]:59628 Accepted
[Mon Aug 31 06:46:32 2026] [::1]:54475 [200]: GET /assets/css/app.css
[Mon Aug 31 06:46:32 2026] [::1]:59628 [200]: GET /assets/js/app.js
[Mon Aug 31 06:46:32 2026] [::1]:54475 Closing
[Mon Aug 31 06:46:32 2026] [::1]:59628 Closing
[Mon Aug 31 06:46:32 2026] [::1]:56566 Accepted
[Mon Aug 31 06:46:32 2026] [::1]:56566 Closing
[Mon Aug 31 06:46:34 2026] [::1]:57817 Accepted
[Mon Aug 31 06:46:35 2026] [::1]:57817 Closing
[Mon Aug 31 06:46:35 2026] [::1]:59275 Accepted
[Mon Aug 31 06:46:35 2026] [::1]:59275 Closing
[Mon Aug 31 06:46:35 2026] [::1]:53341 Accepted
[Mon Aug 31 06:46:35 2026] [::1]:49472 Accepted
[Mon Aug 31 06:46:35 2026] [::1]:53341 [200]: GET /assets/css/app.css
[Mon Aug 31 06:46:35 2026] [::1]:49472 [200]: GET /assets/js/app.js
[Mon Aug 31 06:46:35 2026] [::1]:53341 Closing
[Mon Aug 31 06:46:35 2026] [::1]:49472 Closing
[Mon Aug 31 06:46:35 2026] [::1]:52939 Accepted
[Mon Aug 31 06:46:35 2026] [::1]:52939 Closing
[Mon Aug 31 06:47:24 2026] [::1]:55670 Accepted
[Mon Aug 31 06:47:24 2026] [::1]:52897 Accepted
[Mon Aug 31 06:47:25 2026] [::1]:52897 Closing
[Mon Aug 31 06:47:25 2026] [::1]:55670 Closing
[Mon Aug 31 06:47:25 2026] [::1]:63979 Accepted
[Mon Aug 31 06:47:25 2026] [::1]:50266 Accepted
[Mon Aug 31 06:47:25 2026] [::1]:56746 Accepted
[Mon Aug 31 06:47:25 2026] [::1]:63979 [200]: GET /assets/css/app.css
[Mon Aug 31 06:47:25 2026] [::1]:50266 Closing
[Mon Aug 31 06:47:25 2026] [::1]:56746 [200]: GET /assets/js/app.js
[Mon Aug 31 06:47:25 2026] [::1]:63979 Closing
[Mon Aug 31 06:47:25 2026] [::1]:56746 Closing
[Mon Aug 31 06:47:25 2026] [::1]:50656 Accepted
[Mon Aug 31 06:47:25 2026] [::1]:50656 Closing
[Mon Aug 31 06:47:29 2026] [::1]:54490 Accepted
[Mon Aug 31 06:47:29 2026] [::1]:57282 Accepted
[Mon Aug 31 06:47:29 2026] [::1]:54490 Closing
[Mon Aug 31 06:47:30 2026] [::1]:57282 Closing
[Mon Aug 31 06:47:30 2026] [::1]:54269 Accepted
[Mon Aug 31 06:47:30 2026] [::1]:54269 Closing
[Mon Aug 31 06:47:30 2026] [::1]:56038 Accepted
[Mon Aug 31 06:47:30 2026] [::1]:56038 [200]: GET /favicon.ico
[Mon Aug 31 06:47:30 2026] [::1]:56038 Closing
[Mon Aug 31 06:49:29 2026] [::1]:51854 Accepted
[Mon Aug 31 06:49:29 2026] [::1]:52187 Accepted
[Mon Aug 31 06:49:29 2026] [::1]:51854 Closing
[Mon Aug 31 06:49:30 2026] [::1]:52187 Closing
[Mon Aug 31 06:49:30 2026] [::1]:51423 Accepted
[Mon Aug 31 06:49:30 2026] [::1]:51423 Closing
[Mon Aug 31 06:49:30 2026] [::1]:52916 Accepted
[Mon Aug 31 06:49:30 2026] [::1]:50894 Accepted
[Mon Aug 31 06:49:30 2026] [::1]:52916 [200]: GET /assets/css/app.css
[Mon Aug 31 06:49:30 2026] [::1]:50894 [200]: GET /assets/js/app.js
[Mon Aug 31 06:49:30 2026] [::1]:52916 Closing
[Mon Aug 31 06:49:30 2026] [::1]:50894 Closing
[Mon Aug 31 06:49:30 2026] [::1]:51311 Accepted
[Mon Aug 31 06:49:30 2026] [::1]:51311 Closing
[Mon Aug 31 06:49:33 2026] [::1]:60140 Accepted
[Mon Aug 31 06:49:33 2026] [::1]:49501 Accepted
[Mon Aug 31 06:49:33 2026] [::1]:60140 Closing
[Mon Aug 31 06:49:33 2026] [::1]:49501 Closing
[Mon Aug 31 06:49:33 2026] [::1]:62185 Accepted
[Mon Aug 31 06:49:34 2026] [::1]:62185 Closing
[Mon Aug 31 06:49:34 2026] [::1]:51797 Accepted
[Mon Aug 31 06:49:34 2026] [::1]:51797 [200]: GET /favicon.ico
[Mon Aug 31 06:49:34 2026] [::1]:51797 Closing
[Mon Aug 31 06:49:51 2026] [::1]:56753 Accepted
[Mon Aug 31 06:49:51 2026] [::1]:50077 Accepted
[Mon Aug 31 06:49:51 2026] [::1]:50077 Closing
[Mon Aug 31 06:49:52 2026] [::1]:56753 Closing
[Mon Aug 31 06:49:52 2026] [::1]:52487 Accepted
[Mon Aug 31 06:49:52 2026] [::1]:52487 Closing
[Mon Aug 31 06:49:52 2026] [::1]:56745 Accepted
[Mon Aug 31 06:49:52 2026] [::1]:55660 Accepted
[Mon Aug 31 06:49:52 2026] [::1]:56745 [200]: GET /assets/css/app.css
[Mon Aug 31 06:49:52 2026] [::1]:55660 [200]: GET /assets/js/app.js
[Mon Aug 31 06:49:52 2026] [::1]:56745 Closing
[Mon Aug 31 06:49:52 2026] [::1]:55660 Closing
[Mon Aug 31 06:49:52 2026] [::1]:49186 Accepted
[Mon Aug 31 06:49:52 2026] [::1]:49186 Closing
[Mon Aug 31 06:50:00 2026] [::1]:52120 Accepted
[Mon Aug 31 06:50:00 2026] [::1]:57021 Accepted
[Mon Aug 31 06:50:00 2026] [::1]:52120 Closing
[Mon Aug 31 06:50:00 2026] [::1]:57021 Closing
[Mon Aug 31 06:50:00 2026] [::1]:62084 Accepted
[Mon Aug 31 06:50:00 2026] [::1]:62084 Closing
[Mon Aug 31 06:50:00 2026] [::1]:61418 Accepted
[Mon Aug 31 06:50:00 2026] [::1]:61418 [200]: GET /favicon.ico
[Mon Aug 31 06:50:00 2026] [::1]:61418 Closing
[Mon Aug 31 06:50:46 2026] [::1]:49698 Accepted
[Mon Aug 31 06:50:46 2026] [::1]:63521 Accepted
[Mon Aug 31 06:50:46 2026] [::1]:49698 Closing
[Mon Aug 31 06:50:46 2026] [::1]:63521 Closing
[Mon Aug 31 06:50:46 2026] [::1]:52305 Accepted
[Mon Aug 31 06:50:46 2026] [::1]:52305 Closing
[Mon Aug 31 06:50:46 2026] [::1]:63623 Accepted
[Mon Aug 31 06:50:46 2026] [::1]:52227 Accepted
[Mon Aug 31 06:50:46 2026] [::1]:63623 [200]: GET /assets/css/app.css
[Mon Aug 31 06:50:46 2026] [::1]:52227 [200]: GET /assets/js/app.js
[Mon Aug 31 06:50:46 2026] [::1]:63623 Closing
[Mon Aug 31 06:50:46 2026] [::1]:52227 Closing
[Mon Aug 31 06:50:46 2026] [::1]:54784 Accepted
[Mon Aug 31 06:50:46 2026] [::1]:54784 Closing
[Mon Aug 31 06:50:50 2026] [::1]:50966 Accepted
[Mon Aug 31 06:50:50 2026] [::1]:50966 Closing
[Mon Aug 31 06:50:50 2026] [::1]:51937 Accepted
[Mon Aug 31 06:50:50 2026] [::1]:51937 Closing
[Mon Aug 31 06:50:50 2026] [::1]:58144 Accepted
[Mon Aug 31 06:50:50 2026] [::1]:49901 Accepted
[Mon Aug 31 06:50:50 2026] [::1]:58144 [200]: GET /assets/css/app.css
[Mon Aug 31 06:50:50 2026] [::1]:49901 [200]: GET /assets/js/app.js
[Mon Aug 31 06:50:50 2026] [::1]:58144 Closing
[Mon Aug 31 06:50:50 2026] [::1]:49901 Closing
[Mon Aug 31 06:50:50 2026] [::1]:62720 Accepted
[Mon Aug 31 06:50:50 2026] [::1]:62720 Closing
[Mon Aug 31 06:50:50 2026] [::1]:51277 Accepted
[Mon Aug 31 06:50:50 2026] [::1]:51277 [200]: GET /favicon.ico
[Mon Aug 31 06:50:50 2026] [::1]:51277 Closing
[Mon Aug 31 06:51:50 2026] [::1]:52720 Accepted
[Mon Aug 31 06:51:50 2026] [::1]:55330 Accepted
[Mon Aug 31 06:51:50 2026] [::1]:52720 Closing
[Mon Aug 31 06:51:50 2026] [::1]:55330 Closing
[Mon Aug 31 06:51:50 2026] [::1]:49242 Accepted
[Mon Aug 31 06:51:50 2026] [::1]:49242 Closing
[Mon Aug 31 06:51:50 2026] [::1]:57249 Accepted
[Mon Aug 31 06:51:50 2026] [::1]:61113 Accepted
[Mon Aug 31 06:51:50 2026] [::1]:57249 [200]: GET /assets/css/app.css
[Mon Aug 31 06:51:50 2026] [::1]:61113 [200]: GET /assets/js/app.js
[Mon Aug 31 06:51:50 2026] [::1]:57249 Closing
[Mon Aug 31 06:51:50 2026] [::1]:61113 Closing
[Mon Aug 31 06:51:50 2026] [::1]:61141 Accepted
[Mon Aug 31 06:51:51 2026] [::1]:61141 Closing
[Mon Aug 31 06:51:54 2026] [::1]:54777 Accepted
[Mon Aug 31 06:51:54 2026] [::1]:51296 Accepted
[Mon Aug 31 06:51:54 2026] [::1]:54777 Closing
[Mon Aug 31 06:51:54 2026] [::1]:51296 Closing
[Mon Aug 31 06:51:54 2026] [::1]:51541 Accepted
[Mon Aug 31 06:51:54 2026] [::1]:51541 Closing
[Mon Aug 31 06:51:55 2026] [::1]:59744 Accepted
[Mon Aug 31 06:51:55 2026] [::1]:59744 [200]: GET /favicon.ico
[Mon Aug 31 06:51:55 2026] [::1]:59744 Closing
[Mon Aug 31 06:51:59 2026] [::1]:63361 Accepted
[Mon Aug 31 06:51:59 2026] [::1]:53412 Accepted
[Mon Aug 31 06:51:59 2026] [::1]:63361 Closing
[Mon Aug 31 06:51:59 2026] [::1]:53412 Closing
[Mon Aug 31 06:51:59 2026] [::1]:57158 Accepted
[Mon Aug 31 06:52:00 2026] [::1]:57158 Closing
[Mon Aug 31 06:52:00 2026] [::1]:54991 Accepted
[Mon Aug 31 06:52:00 2026] [::1]:54991 [200]: GET /favicon.ico
[Mon Aug 31 06:52:00 2026] [::1]:54991 Closing
[Mon Aug 31 06:52:00 2026] [::1]:58021 Accepted
[Mon Aug 31 06:52:00 2026] [::1]:49417 Accepted
[Mon Aug 31 06:52:00 2026] [::1]:49417 Closing
[Mon Aug 31 06:52:01 2026] [::1]:58021 Closing
[Mon Aug 31 06:52:01 2026] [::1]:50197 Accepted
[Mon Aug 31 06:52:01 2026] [::1]:50197 Closing
[Mon Aug 31 06:52:01 2026] [::1]:63029 Accepted
[Mon Aug 31 06:52:01 2026] [::1]:63029 [200]: GET /favicon.ico
[Mon Aug 31 06:52:01 2026] [::1]:63029 Closing
[Mon Aug 31 06:53:04 2026] [::1]:62579 Accepted
[Mon Aug 31 06:53:04 2026] [::1]:62659 Accepted
[Mon Aug 31 06:53:05 2026] [::1]:62659 Closing
[Mon Aug 31 06:53:05 2026] [::1]:62579 Closing
[Mon Aug 31 06:53:05 2026] [::1]:52657 Accepted
[Mon Aug 31 06:53:05 2026] [::1]:53291 Accepted
[Mon Aug 31 06:53:05 2026] [::1]:52912 Accepted
[Mon Aug 31 06:53:05 2026] [::1]:52657 [200]: GET /assets/css/app.css
[Mon Aug 31 06:53:05 2026] [::1]:53291 Closing
[Mon Aug 31 06:53:05 2026] [::1]:52912 [200]: GET /assets/js/app.js
[Mon Aug 31 06:53:05 2026] [::1]:52657 Closing
[Mon Aug 31 06:53:05 2026] [::1]:52912 Closing
[Mon Aug 31 06:53:05 2026] [::1]:63405 Accepted
[Mon Aug 31 06:53:05 2026] [::1]:63405 Closing
[Mon Aug 31 06:53:12 2026] [::1]:57463 Accepted
[Mon Aug 31 06:53:12 2026] [::1]:57463 Closing
[Mon Aug 31 06:53:12 2026] [::1]:49740 Accepted
[Mon Aug 31 06:53:12 2026] [::1]:49740 Closing
[Mon Aug 31 06:53:12 2026] [::1]:59460 Accepted
[Mon Aug 31 06:53:12 2026] [::1]:50754 Accepted
[Mon Aug 31 06:53:12 2026] [::1]:59460 [200]: GET /assets/css/app.css
[Mon Aug 31 06:53:12 2026] [::1]:50754 [200]: GET /assets/js/app.js
[Mon Aug 31 06:53:12 2026] [::1]:59460 Closing
[Mon Aug 31 06:53:12 2026] [::1]:50754 Closing
[Mon Aug 31 06:53:12 2026] [::1]:59607 Accepted
[Mon Aug 31 06:53:13 2026] [::1]:59607 Closing
[Mon Aug 31 06:53:16 2026] [::1]:56982 Accepted
[Mon Aug 31 06:53:16 2026] [::1]:56982 Closing
[Mon Aug 31 06:53:16 2026] [::1]:61013 Accepted
[Mon Aug 31 06:53:16 2026] [::1]:61013 Closing
[Mon Aug 31 06:53:17 2026] [::1]:50611 Accepted
[Mon Aug 31 06:53:17 2026] [::1]:50611 Closing
[Mon Aug 31 06:53:17 2026] [::1]:56207 Accepted
[Mon Aug 31 06:53:17 2026] [::1]:56207 [200]: GET /favicon.ico
[Mon Aug 31 06:53:17 2026] [::1]:56207 Closing
[Mon Aug 31 06:53:47 2026] [::1]:54629 Accepted
[Mon Aug 31 06:53:47 2026] [::1]:54629 Closing
[Mon Aug 31 06:53:47 2026] [::1]:62601 Accepted
[Mon Aug 31 06:53:48 2026] [::1]:62601 Closing
[Mon Aug 31 06:53:48 2026] [::1]:63210 Accepted
[Mon Aug 31 06:53:48 2026] [::1]:62973 Accepted
[Mon Aug 31 06:53:48 2026] [::1]:63210 [200]: GET /assets/css/app.css
[Mon Aug 31 06:53:48 2026] [::1]:62973 [200]: GET /assets/js/app.js
[Mon Aug 31 06:53:48 2026] [::1]:63210 Closing
[Mon Aug 31 06:53:48 2026] [::1]:62973 Closing
[Mon Aug 31 06:53:48 2026] [::1]:64593 Accepted
[Mon Aug 31 06:53:48 2026] [::1]:64593 Closing
[Mon Aug 31 06:53:52 2026] [::1]:56706 Accepted
[Mon Aug 31 06:53:53 2026] [::1]:56706 Closing
[Mon Aug 31 06:53:53 2026] [::1]:53404 Accepted
[Mon Aug 31 06:53:53 2026] [::1]:53404 Closing
[Mon Aug 31 06:53:53 2026] [::1]:64868 Accepted
[Mon Aug 31 06:53:53 2026] [::1]:51801 Accepted
[Mon Aug 31 06:53:53 2026] [::1]:64868 [200]: GET /assets/css/app.css
[Mon Aug 31 06:53:53 2026] [::1]:51801 [200]: GET /assets/js/app.js
[Mon Aug 31 06:53:53 2026] [::1]:64868 Closing
[Mon Aug 31 06:53:53 2026] [::1]:51801 Closing
[Mon Aug 31 06:53:53 2026] [::1]:63922 Accepted
[Mon Aug 31 06:53:53 2026] [::1]:63922 Closing
[Mon Aug 31 06:54:56 2026] [::1]:59737 Accepted
[Mon Aug 31 06:54:56 2026] [::1]:57446 Accepted
[Mon Aug 31 06:54:57 2026] [::1]:57446 Closing
[Mon Aug 31 06:54:57 2026] [::1]:59737 Closing
[Mon Aug 31 06:54:57 2026] [::1]:57313 Accepted
[Mon Aug 31 06:54:57 2026] [::1]:57313 Closing
[Mon Aug 31 06:54:57 2026] [::1]:50370 Accepted
[Mon Aug 31 06:54:57 2026] [::1]:49660 Accepted
[Mon Aug 31 06:54:57 2026] [::1]:50370 [200]: GET /assets/css/app.css
[Mon Aug 31 06:54:57 2026] [::1]:49660 [200]: GET /assets/js/app.js
[Mon Aug 31 06:54:57 2026] [::1]:50370 Closing
[Mon Aug 31 06:54:57 2026] [::1]:49660 Closing
[Mon Aug 31 06:54:57 2026] [::1]:49669 Accepted
[Mon Aug 31 06:54:57 2026] [::1]:49669 Closing
[Mon Aug 31 06:55:11 2026] [::1]:62975 Accepted
[Mon Aug 31 06:55:11 2026] [::1]:62975 Closing
[Mon Aug 31 06:55:11 2026] [::1]:62519 Accepted
[Mon Aug 31 06:55:11 2026] [::1]:62519 Closing
[Mon Aug 31 06:55:11 2026] [::1]:65209 Accepted
[Mon Aug 31 06:55:11 2026] [::1]:50425 Accepted
[Mon Aug 31 06:55:11 2026] [::1]:65209 [200]: GET /assets/css/app.css
[Mon Aug 31 06:55:11 2026] [::1]:50425 [200]: GET /assets/js/app.js
[Mon Aug 31 06:55:11 2026] [::1]:65209 Closing
[Mon Aug 31 06:55:11 2026] [::1]:50425 Closing
[Mon Aug 31 06:55:11 2026] [::1]:63935 Accepted
[Mon Aug 31 06:55:11 2026] [::1]:63935 Closing
[Mon Aug 31 06:55:21 2026] [::1]:49344 Accepted
[Mon Aug 31 06:55:21 2026] [::1]:49344 Closing
[Mon Aug 31 06:55:21 2026] [::1]:57522 Accepted
[Mon Aug 31 06:55:22 2026] [::1]:57522 Closing
[Mon Aug 31 06:55:22 2026] [::1]:64322 Accepted
[Mon Aug 31 06:55:22 2026] [::1]:64322 Closing
[Mon Aug 31 06:55:22 2026] [::1]:63067 Accepted
[Mon Aug 31 06:55:22 2026] [::1]:56976 Accepted
[Mon Aug 31 06:55:22 2026] [::1]:63067 [200]: GET /assets/css/app.css
[Mon Aug 31 06:55:22 2026] [::1]:56976 [200]: GET /assets/js/app.js
[Mon Aug 31 06:55:22 2026] [::1]:63067 Closing
[Mon Aug 31 06:55:22 2026] [::1]:56976 Closing
[Mon Aug 31 06:55:22 2026] [::1]:63680 Accepted
[Mon Aug 31 06:55:22 2026] [::1]:63680 Closing
[Mon Aug 31 06:55:27 2026] [::1]:62387 Accepted
[Mon Aug 31 06:55:27 2026] [::1]:62387 Closing
[Mon Aug 31 06:55:27 2026] [::1]:63951 Accepted
[Mon Aug 31 06:55:27 2026] [::1]:63951 Closing
[Mon Aug 31 06:55:27 2026] [::1]:50051 Accepted
[Mon Aug 31 06:55:27 2026] [::1]:54704 Accepted
[Mon Aug 31 06:55:27 2026] [::1]:50051 [200]: GET /assets/css/app.css
[Mon Aug 31 06:55:27 2026] [::1]:54704 [200]: GET /assets/js/app.js
[Mon Aug 31 06:55:27 2026] [::1]:50051 Closing
[Mon Aug 31 06:55:27 2026] [::1]:54704 Closing
[Mon Aug 31 06:55:27 2026] [::1]:61249 Accepted
[Mon Aug 31 06:55:27 2026] [::1]:61249 Closing
[Mon Aug 31 06:55:30 2026] [::1]:59284 Accepted
[Mon Aug 31 06:55:30 2026] [::1]:59284 Closing
[Mon Aug 31 06:55:30 2026] [::1]:56664 Accepted
[Mon Aug 31 06:55:30 2026] [::1]:56664 Closing
[Mon Aug 31 06:55:30 2026] [::1]:60241 Accepted
[Mon Aug 31 06:55:30 2026] [::1]:55906 Accepted
[Mon Aug 31 06:55:30 2026] [::1]:60241 [200]: GET /assets/css/app.css
[Mon Aug 31 06:55:30 2026] [::1]:55906 [200]: GET /assets/js/app.js
[Mon Aug 31 06:55:30 2026] [::1]:60241 Closing
[Mon Aug 31 06:55:30 2026] [::1]:55906 Closing
[Mon Aug 31 06:55:31 2026] [::1]:53224 Accepted
[Mon Aug 31 06:55:31 2026] [::1]:53224 Closing
[Mon Aug 31 06:55:41 2026] [::1]:57276 Accepted
[Mon Aug 31 06:55:41 2026] [::1]:57515 Accepted
[Mon Aug 31 06:55:41 2026] [::1]:57276 Closing
[Mon Aug 31 06:55:42 2026] [::1]:57515 Closing
[Mon Aug 31 06:55:42 2026] [::1]:65333 Accepted
[Mon Aug 31 06:55:42 2026] [::1]:65333 Closing
[Mon Aug 31 06:55:42 2026] [::1]:55733 Accepted
[Mon Aug 31 06:55:42 2026] [::1]:57547 Accepted
[Mon Aug 31 06:55:42 2026] [::1]:55733 [200]: GET /assets/css/app.css
[Mon Aug 31 06:55:42 2026] [::1]:57547 [200]: GET /assets/js/app.js
[Mon Aug 31 06:55:42 2026] [::1]:55733 Closing
[Mon Aug 31 06:55:42 2026] [::1]:57547 Closing
[Mon Aug 31 06:55:42 2026] [::1]:55978 Accepted
[Mon Aug 31 06:55:42 2026] [::1]:55978 Closing
[Mon Aug 31 06:55:44 2026] [::1]:64945 Accepted
[Mon Aug 31 06:55:44 2026] [::1]:64945 Closing
[Mon Aug 31 06:55:44 2026] [::1]:61996 Accepted
[Mon Aug 31 06:55:44 2026] [::1]:61996 Closing
[Mon Aug 31 06:55:44 2026] [::1]:58291 Accepted
[Mon Aug 31 06:55:44 2026] [::1]:64152 Accepted
[Mon Aug 31 06:55:44 2026] [::1]:58291 [200]: GET /assets/css/app.css
[Mon Aug 31 06:55:44 2026] [::1]:64152 [200]: GET /assets/js/app.js
[Mon Aug 31 06:55:44 2026] [::1]:58291 Closing
[Mon Aug 31 06:55:44 2026] [::1]:64152 Closing
[Mon Aug 31 06:55:44 2026] [::1]:62401 Accepted
[Mon Aug 31 06:55:45 2026] [::1]:62401 Closing
[Mon Aug 31 06:55:46 2026] [::1]:51781 Accepted
[Mon Aug 31 06:55:47 2026] [::1]:51781 Closing
[Mon Aug 31 06:55:47 2026] [::1]:59132 Accepted
[Mon Aug 31 06:55:47 2026] [::1]:59132 Closing
[Mon Aug 31 06:55:47 2026] [::1]:54423 Accepted
[Mon Aug 31 06:55:47 2026] [::1]:53809 Accepted
[Mon Aug 31 06:55:47 2026] [::1]:54423 [200]: GET /assets/css/app.css
[Mon Aug 31 06:55:47 2026] [::1]:53809 [200]: GET /assets/js/app.js
[Mon Aug 31 06:55:47 2026] [::1]:54423 Closing
[Mon Aug 31 06:55:47 2026] [::1]:53809 Closing
[Mon Aug 31 06:55:47 2026] [::1]:62326 Accepted
[Mon Aug 31 06:55:47 2026] [::1]:62326 Closing
[Mon Aug 31 06:55:55 2026] [::1]:57919 Accepted
[Mon Aug 31 06:55:55 2026] [::1]:57919 Closing
[Mon Aug 31 06:55:55 2026] [::1]:63604 Accepted
[Mon Aug 31 06:55:55 2026] [::1]:63604 Closing
[Mon Aug 31 06:55:55 2026] [::1]:54119 Accepted
[Mon Aug 31 06:55:55 2026] [::1]:56446 Accepted
[Mon Aug 31 06:55:55 2026] [::1]:58906 Accepted
[Mon Aug 31 06:55:56 2026] [::1]:54119 Closing
[Mon Aug 31 06:55:56 2026] [::1]:56446 [200]: GET /assets/css/app.css
[Mon Aug 31 06:55:56 2026] [::1]:58906 [200]: GET /assets/js/app.js
[Mon Aug 31 06:55:56 2026] [::1]:56446 Closing
[Mon Aug 31 06:55:56 2026] [::1]:58906 Closing
[Mon Aug 31 06:55:56 2026] [::1]:61920 Accepted
[Mon Aug 31 06:55:56 2026] [::1]:61920 Closing
[Mon Aug 31 06:55:58 2026] [::1]:62302 Accepted
[Mon Aug 31 06:55:58 2026] [::1]:55607 Accepted
[Mon Aug 31 06:55:58 2026] [::1]:62302 Closing
[Mon Aug 31 06:55:58 2026] [::1]:55607 Closing
[Mon Aug 31 06:55:58 2026] [::1]:64503 Accepted
[Mon Aug 31 06:55:58 2026] [::1]:61083 Accepted
[Mon Aug 31 06:55:58 2026] [::1]:64503 [200]: GET /assets/css/app.css
[Mon Aug 31 06:55:58 2026] [::1]:61083 [200]: GET /assets/js/app.js
[Mon Aug 31 06:55:58 2026] [::1]:64503 Closing
[Mon Aug 31 06:55:58 2026] [::1]:61083 Closing
[Mon Aug 31 06:55:58 2026] [::1]:50390 Accepted
[Mon Aug 31 06:55:59 2026] [::1]:50390 Closing
[Mon Aug 31 06:56:01 2026] [::1]:61110 Accepted
[Mon Aug 31 06:56:01 2026] [::1]:58106 Accepted
[Mon Aug 31 06:56:03 2026] [::1]:61110 Closing
[Mon Aug 31 06:56:03 2026] [::1]:55217 Accepted
[Mon Aug 31 06:56:04 2026] [::1]:58106 Closing
[Mon Aug 31 06:56:04 2026] [::1]:57783 Accepted
[Mon Aug 31 06:56:04 2026] [::1]:55217 [200]: GET /assets/css/app.css
[Mon Aug 31 06:56:04 2026] [::1]:57783 [200]: GET /assets/js/app.js
[Mon Aug 31 06:56:04 2026] [::1]:55217 Closing
[Mon Aug 31 06:56:04 2026] [::1]:57783 Closing
[Mon Aug 31 06:56:04 2026] [::1]:55341 Accepted
[Mon Aug 31 06:56:06 2026] [::1]:55341 Closing
[Mon Aug 31 06:56:15 2026] [::1]:59958 Accepted
[Mon Aug 31 06:56:15 2026] [::1]:53079 Accepted
[Mon Aug 31 06:56:15 2026] [::1]:59958 Closing
[Mon Aug 31 06:56:16 2026] [::1]:53079 Closing
[Mon Aug 31 06:56:16 2026] [::1]:63862 Accepted
[Mon Aug 31 06:56:16 2026] [::1]:56120 Accepted
[Mon Aug 31 06:56:16 2026] [::1]:63862 [200]: GET /assets/css/app.css
[Mon Aug 31 06:56:16 2026] [::1]:56120 [200]: GET /assets/js/app.js
[Mon Aug 31 06:56:16 2026] [::1]:63862 Closing
[Mon Aug 31 06:56:16 2026] [::1]:56120 Closing
[Mon Aug 31 06:56:16 2026] [::1]:60087 Accepted
[Mon Aug 31 06:56:16 2026] [::1]:60087 Closing
[Mon Aug 31 06:56:18 2026] [::1]:59910 Accepted
[Mon Aug 31 06:56:18 2026] [::1]:54039 Accepted
[Mon Aug 31 06:56:19 2026] [::1]:59910 Closing
[Mon Aug 31 06:56:19 2026] [::1]:54039 Closing
[Mon Aug 31 06:56:19 2026] [::1]:57742 Accepted
[Mon Aug 31 06:56:19 2026] [::1]:54277 Accepted
[Mon Aug 31 06:56:19 2026] [::1]:57742 [200]: GET /assets/css/app.css
[Mon Aug 31 06:56:19 2026] [::1]:54277 [200]: GET /assets/js/app.js
[Mon Aug 31 06:56:19 2026] [::1]:57742 Closing
[Mon Aug 31 06:56:19 2026] [::1]:54277 Closing
[Mon Aug 31 06:56:19 2026] [::1]:58673 Accepted
[Mon Aug 31 06:56:19 2026] [::1]:58673 Closing
[Mon Aug 31 06:56:22 2026] [::1]:61169 Accepted
[Mon Aug 31 06:56:22 2026] [::1]:61169 Closing
[Mon Aug 31 06:56:22 2026] [::1]:60759 Accepted
[Mon Aug 31 06:56:22 2026] [::1]:54886 Accepted
[Mon Aug 31 06:56:22 2026] [::1]:60759 Closing
[Mon Aug 31 06:56:22 2026] [::1]:58743 Accepted
[Mon Aug 31 06:56:22 2026] [::1]:54886 [200]: GET /assets/css/app.css
[Mon Aug 31 06:56:22 2026] [::1]:58743 [200]: GET /assets/js/app.js
[Mon Aug 31 06:56:22 2026] [::1]:54886 Closing
[Mon Aug 31 06:56:22 2026] [::1]:58743 Closing
[Mon Aug 31 06:56:22 2026] [::1]:55687 Accepted
[Mon Aug 31 06:56:23 2026] [::1]:55687 Closing
[Mon Aug 31 06:56:28 2026] [::1]:50566 Accepted
[Mon Aug 31 06:56:28 2026] [::1]:50566 Closing
[Mon Aug 31 06:56:28 2026] [::1]:57832 Accepted
[Mon Aug 31 06:56:28 2026] [::1]:57832 Closing
[Mon Aug 31 06:56:28 2026] [::1]:56389 Accepted
[Mon Aug 31 06:56:28 2026] [::1]:64842 Accepted
[Mon Aug 31 06:56:28 2026] [::1]:56389 [200]: GET /assets/css/app.css
[Mon Aug 31 06:56:28 2026] [::1]:64842 [200]: GET /assets/js/app.js
[Mon Aug 31 06:56:28 2026] [::1]:56389 Closing
[Mon Aug 31 06:56:28 2026] [::1]:64842 Closing
[Mon Aug 31 06:56:28 2026] [::1]:50190 Accepted
[Mon Aug 31 06:56:29 2026] [::1]:50190 Closing
[Mon Aug 31 06:56:32 2026] [::1]:56375 Accepted
[Mon Aug 31 06:56:32 2026] [::1]:56375 Closing
[Mon Aug 31 06:56:32 2026] [::1]:49301 Accepted
[Mon Aug 31 06:56:32 2026] [::1]:49301 Closing
[Mon Aug 31 06:56:32 2026] [::1]:53650 Accepted
[Mon Aug 31 06:56:32 2026] [::1]:56486 Accepted
[Mon Aug 31 06:56:32 2026] [::1]:53650 [200]: GET /assets/css/app.css
[Mon Aug 31 06:56:32 2026] [::1]:56486 [200]: GET /assets/js/app.js
[Mon Aug 31 06:56:32 2026] [::1]:53650 Closing
[Mon Aug 31 06:56:32 2026] [::1]:56486 Closing
[Mon Aug 31 06:56:32 2026] [::1]:64996 Accepted
[Mon Aug 31 06:56:33 2026] [::1]:64996 Closing
[Mon Aug 31 06:58:36 2026] [::1]:60879 Accepted
[Mon Aug 31 06:58:36 2026] [::1]:59015 Accepted
[Mon Aug 31 06:58:36 2026] [::1]:59015 Closing
[Mon Aug 31 06:58:36 2026] [::1]:60879 Closing
[Mon Aug 31 06:58:36 2026] [::1]:62259 Accepted
[Mon Aug 31 06:58:36 2026] [::1]:50996 Accepted
[Mon Aug 31 06:58:36 2026] [::1]:62259 [200]: GET /assets/css/app.css
[Mon Aug 31 06:58:37 2026] [::1]:50996 Closing
[Mon Aug 31 06:58:37 2026] [::1]:52777 Accepted
[Mon Aug 31 06:58:37 2026] [::1]:52777 [200]: GET /assets/js/app.js
[Mon Aug 31 06:58:37 2026] [::1]:62259 Closing
[Mon Aug 31 06:58:37 2026] [::1]:52777 Closing
[Mon Aug 31 06:58:37 2026] [::1]:49634 Accepted
[Mon Aug 31 06:58:37 2026] [::1]:49634 Closing
[Mon Aug 31 06:58:51 2026] [::1]:56604 Accepted
[Mon Aug 31 06:58:51 2026] [::1]:54826 Accepted
[Mon Aug 31 06:58:52 2026] [::1]:56604 Closing
[Mon Aug 31 06:58:52 2026] [::1]:54826 Closing
[Mon Aug 31 06:58:52 2026] [::1]:56018 Accepted
[Mon Aug 31 06:58:52 2026] [::1]:53454 Accepted
[Mon Aug 31 06:58:52 2026] [::1]:56018 [200]: GET /assets/css/app.css
[Mon Aug 31 06:58:52 2026] [::1]:53454 [200]: GET /assets/js/app.js
[Mon Aug 31 06:58:52 2026] [::1]:56018 Closing
[Mon Aug 31 06:58:52 2026] [::1]:53454 Closing
[Mon Aug 31 06:58:52 2026] [::1]:60213 Accepted
[Mon Aug 31 06:58:52 2026] [::1]:60213 Closing
[Mon Aug 31 06:59:00 2026] [::1]:54722 Accepted
[Mon Aug 31 06:59:00 2026] [::1]:50895 Accepted
[Mon Aug 31 06:59:00 2026] [::1]:54722 Closing
[Mon Aug 31 06:59:00 2026] [::1]:50895 Closing
[Mon Aug 31 06:59:00 2026] [::1]:61611 Accepted
[Mon Aug 31 06:59:01 2026] [::1]:61611 Closing
[Mon Aug 31 06:59:01 2026] [::1]:57464 Accepted
[Mon Aug 31 06:59:01 2026] [::1]:49230 Accepted
[Mon Aug 31 06:59:01 2026] [::1]:57464 [200]: GET /assets/css/app.css
[Mon Aug 31 06:59:01 2026] [::1]:49230 [200]: GET /assets/js/app.js
[Mon Aug 31 06:59:01 2026] [::1]:57464 Closing
[Mon Aug 31 06:59:01 2026] [::1]:49230 Closing
[Mon Aug 31 06:59:01 2026] [::1]:62934 Accepted
[Mon Aug 31 06:59:01 2026] [::1]:62934 Closing
[Mon Aug 31 06:59:19 2026] [::1]:59194 Accepted
[Mon Aug 31 06:59:20 2026] [::1]:59194 Closing
[Mon Aug 31 06:59:20 2026] [::1]:58768 Accepted
[Mon Aug 31 06:59:20 2026] [::1]:58768 Closing
[Mon Aug 31 06:59:20 2026] [::1]:64956 Accepted
[Mon Aug 31 06:59:20 2026] [::1]:57655 Accepted
[Mon Aug 31 06:59:20 2026] [::1]:64956 [200]: GET /assets/css/app.css
[Mon Aug 31 06:59:20 2026] [::1]:57655 [200]: GET /assets/js/app.js
[Mon Aug 31 06:59:20 2026] [::1]:64956 Closing
[Mon Aug 31 06:59:20 2026] [::1]:57655 Closing
[Mon Aug 31 06:59:20 2026] [::1]:54285 Accepted
[Mon Aug 31 06:59:20 2026] [::1]:54285 Closing
[Mon Aug 31 06:59:24 2026] [::1]:64841 Accepted
[Mon Aug 31 06:59:24 2026] [::1]:64841 Closing
[Mon Aug 31 06:59:24 2026] [::1]:65445 Accepted
[Mon Aug 31 06:59:24 2026] [::1]:65445 Closing
[Mon Aug 31 06:59:24 2026] [::1]:56516 Accepted
[Mon Aug 31 06:59:24 2026] [::1]:49963 Accepted
[Mon Aug 31 06:59:24 2026] [::1]:56516 [200]: GET /assets/css/app.css
[Mon Aug 31 06:59:24 2026] [::1]:49963 [200]: GET /assets/js/app.js
[Mon Aug 31 06:59:24 2026] [::1]:56516 Closing
[Mon Aug 31 06:59:24 2026] [::1]:49963 Closing
[Mon Aug 31 06:59:24 2026] [::1]:55042 Accepted
[Mon Aug 31 06:59:25 2026] [::1]:55042 Closing
[Mon Aug 31 06:59:43 2026] [::1]:62568 Accepted
[Mon Aug 31 06:59:43 2026] [::1]:57652 Accepted
[Mon Aug 31 06:59:43 2026] [::1]:62568 Closing
[Mon Aug 31 06:59:43 2026] [::1]:57652 Closing
[Mon Aug 31 06:59:43 2026] [::1]:51796 Accepted
[Mon Aug 31 06:59:43 2026] [::1]:51796 Closing
[Mon Aug 31 06:59:44 2026] [::1]:54510 Accepted
[Mon Aug 31 06:59:44 2026] [::1]:52314 Accepted
[Mon Aug 31 06:59:44 2026] [::1]:54510 [200]: GET /assets/css/app.css
[Mon Aug 31 06:59:44 2026] [::1]:52314 [200]: GET /assets/js/app.js
[Mon Aug 31 06:59:44 2026] [::1]:54510 Closing
[Mon Aug 31 06:59:44 2026] [::1]:52314 Closing
[Mon Aug 31 06:59:44 2026] [::1]:60022 Accepted
[Mon Aug 31 06:59:44 2026] [::1]:60022 Closing
[Mon Aug 31 06:59:49 2026] [::1]:54059 Accepted
[Mon Aug 31 06:59:49 2026] [::1]:54059 Closing
[Mon Aug 31 06:59:49 2026] [::1]:64077 Accepted
[Mon Aug 31 06:59:49 2026] [::1]:64077 Closing
[Mon Aug 31 06:59:49 2026] [::1]:56497 Accepted
[Mon Aug 31 06:59:49 2026] [::1]:60551 Accepted
[Mon Aug 31 06:59:49 2026] [::1]:56497 [200]: GET /assets/css/app.css
[Mon Aug 31 06:59:49 2026] [::1]:60551 [200]: GET /assets/js/app.js
[Mon Aug 31 06:59:49 2026] [::1]:56497 Closing
[Mon Aug 31 06:59:49 2026] [::1]:60551 Closing
[Mon Aug 31 06:59:49 2026] [::1]:52783 Accepted
[Mon Aug 31 06:59:50 2026] [::1]:52783 Closing
[Mon Aug 31 06:59:59 2026] [::1]:61735 Accepted
[Mon Aug 31 06:59:59 2026] [::1]:61735 Closing
[Mon Aug 31 06:59:59 2026] [::1]:53194 Accepted
[Mon Aug 31 06:59:59 2026] [::1]:53194 Closing
[Mon Aug 31 06:59:59 2026] [::1]:57518 Accepted
[Mon Aug 31 06:59:59 2026] [::1]:52332 Accepted
[Mon Aug 31 06:59:59 2026] [::1]:57518 [200]: GET /assets/css/app.css
[Mon Aug 31 06:59:59 2026] [::1]:52332 [200]: GET /assets/js/app.js
[Mon Aug 31 06:59:59 2026] [::1]:57518 Closing
[Mon Aug 31 06:59:59 2026] [::1]:52332 Closing
[Mon Aug 31 06:59:59 2026] [::1]:49489 Accepted
[Mon Aug 31 06:59:59 2026] [::1]:49489 Closing
[Mon Aug 31 07:00:03 2026] [::1]:59785 Accepted
[Mon Aug 31 07:00:04 2026] [::1]:59785 Closing
[Mon Aug 31 07:00:04 2026] [::1]:64152 Accepted
[Mon Aug 31 07:00:04 2026] [::1]:64152 Closing
[Mon Aug 31 07:00:04 2026] [::1]:53549 Accepted
[Mon Aug 31 07:00:04 2026] [::1]:64924 Accepted
[Mon Aug 31 07:00:04 2026] [::1]:53549 [200]: GET /assets/css/app.css
[Mon Aug 31 07:00:04 2026] [::1]:64924 [200]: GET /assets/js/app.js
[Mon Aug 31 07:00:04 2026] [::1]:53549 Closing
[Mon Aug 31 07:00:04 2026] [::1]:64924 Closing
[Mon Aug 31 07:00:04 2026] [::1]:50655 Accepted
[Mon Aug 31 07:00:04 2026] [::1]:50655 Closing
[Mon Aug 31 07:00:11 2026] [::1]:53961 Accepted
[Mon Aug 31 07:00:11 2026] [::1]:62155 Accepted
[Mon Aug 31 07:00:11 2026] [::1]:53961 Closing
[Mon Aug 31 07:00:12 2026] [::1]:62155 Closing
[Mon Aug 31 07:00:12 2026] [::1]:50190 Accepted
[Mon Aug 31 07:00:12 2026] [::1]:50190 Closing
[Mon Aug 31 07:00:12 2026] [::1]:59389 Accepted
[Mon Aug 31 07:00:12 2026] [::1]:61912 Accepted
[Mon Aug 31 07:00:12 2026] [::1]:59389 [200]: GET /assets/css/app.css
[Mon Aug 31 07:00:12 2026] [::1]:61912 [200]: GET /assets/js/app.js
[Mon Aug 31 07:00:12 2026] [::1]:59389 Closing
[Mon Aug 31 07:00:12 2026] [::1]:61912 Closing
[Mon Aug 31 07:00:12 2026] [::1]:62876 Accepted
[Mon Aug 31 07:00:12 2026] [::1]:62876 Closing
[Mon Aug 31 07:00:18 2026] [::1]:56773 Accepted
[Mon Aug 31 07:00:18 2026] [::1]:56773 Closing
[Mon Aug 31 07:00:18 2026] [::1]:61422 Accepted
[Mon Aug 31 07:00:18 2026] [::1]:61422 Closing
[Mon Aug 31 07:00:18 2026] [::1]:59143 Accepted
[Mon Aug 31 07:00:18 2026] [::1]:61660 Accepted
[Mon Aug 31 07:00:18 2026] [::1]:59143 [200]: GET /assets/css/app.css
[Mon Aug 31 07:00:18 2026] [::1]:61660 [200]: GET /assets/js/app.js
[Mon Aug 31 07:00:18 2026] [::1]:59143 Closing
[Mon Aug 31 07:00:18 2026] [::1]:61660 Closing
[Mon Aug 31 07:00:18 2026] [::1]:56768 Accepted
[Mon Aug 31 07:00:18 2026] [::1]:56768 Closing
[Mon Aug 31 07:00:20 2026] [::1]:63545 Accepted
[Mon Aug 31 07:00:20 2026] [::1]:63545 Closing
[Mon Aug 31 07:00:20 2026] [::1]:57453 Accepted
[Mon Aug 31 07:00:20 2026] [::1]:57453 Closing
[Mon Aug 31 07:00:20 2026] [::1]:50840 Accepted
[Mon Aug 31 07:00:20 2026] [::1]:63717 Accepted
[Mon Aug 31 07:00:20 2026] [::1]:50840 [200]: GET /assets/css/app.css
[Mon Aug 31 07:00:20 2026] [::1]:63717 [200]: GET /assets/js/app.js
[Mon Aug 31 07:00:20 2026] [::1]:50840 Closing
[Mon Aug 31 07:00:20 2026] [::1]:63717 Closing
[Mon Aug 31 07:00:20 2026] [::1]:57891 Accepted
[Mon Aug 31 07:00:21 2026] [::1]:57891 Closing
[Mon Aug 31 07:00:24 2026] [::1]:59996 Accepted
[Mon Aug 31 07:00:24 2026] [::1]:59996 Closing
[Mon Aug 31 07:00:24 2026] [::1]:56933 Accepted
[Mon Aug 31 07:00:24 2026] [::1]:56933 Closing
[Mon Aug 31 07:00:24 2026] [::1]:63583 Accepted
[Mon Aug 31 07:00:24 2026] [::1]:59136 Accepted
[Mon Aug 31 07:00:24 2026] [::1]:63583 [200]: GET /assets/css/app.css
[Mon Aug 31 07:00:24 2026] [::1]:59136 [200]: GET /assets/js/app.js
[Mon Aug 31 07:00:24 2026] [::1]:63583 Closing
[Mon Aug 31 07:00:24 2026] [::1]:59136 Closing
[Mon Aug 31 07:00:24 2026] [::1]:61345 Accepted
[Mon Aug 31 07:00:24 2026] [::1]:61345 Closing
[Mon Aug 31 07:00:33 2026] [::1]:50836 Accepted
[Mon Aug 31 07:00:33 2026] [::1]:50836 Closing
[Mon Aug 31 07:00:33 2026] [::1]:53280 Accepted
[Mon Aug 31 07:00:33 2026] [::1]:59653 Accepted
[Mon Aug 31 07:00:33 2026] [::1]:53280 Closing
[Mon Aug 31 07:00:33 2026] [::1]:61435 Accepted
[Mon Aug 31 07:00:33 2026] [::1]:59653 [200]: GET /assets/css/app.css
[Mon Aug 31 07:00:33 2026] [::1]:61435 [200]: GET /assets/js/app.js
[Mon Aug 31 07:00:33 2026] [::1]:59653 Closing
[Mon Aug 31 07:00:33 2026] [::1]:61435 Closing
[Mon Aug 31 07:00:33 2026] [::1]:54685 Accepted
[Mon Aug 31 07:00:34 2026] [::1]:54685 Closing
[Mon Aug 31 07:00:44 2026] [::1]:60611 Accepted
[Mon Aug 31 07:00:44 2026] [::1]:58762 Accepted
[Mon Aug 31 07:00:45 2026] [::1]:60611 Closing
[Mon Aug 31 07:00:45 2026] [::1]:58762 Closing
[Mon Aug 31 07:00:45 2026] [::1]:55872 Accepted
[Mon Aug 31 07:00:45 2026] [::1]:64351 Accepted
[Mon Aug 31 07:00:45 2026] [::1]:55872 [200]: GET /assets/css/app.css
[Mon Aug 31 07:00:45 2026] [::1]:64351 [200]: GET /assets/js/app.js
[Mon Aug 31 07:00:45 2026] [::1]:55872 Closing
[Mon Aug 31 07:00:45 2026] [::1]:64351 Closing
[Mon Aug 31 07:00:45 2026] [::1]:53887 Accepted
[Mon Aug 31 07:00:45 2026] [::1]:53887 Closing
[Mon Aug 31 07:00:46 2026] [::1]:52136 Accepted
[Mon Aug 31 07:00:47 2026] [::1]:52136 Closing
[Mon Aug 31 07:00:47 2026] [::1]:64552 Accepted
[Mon Aug 31 07:00:49 2026] [::1]:64552 Closing
[Mon Aug 31 07:00:49 2026] [::1]:53003 Accepted
[Mon Aug 31 07:00:55 2026] [::1]:53003 Closing
[Mon Aug 31 07:00:55 2026] [::1]:56746 Accepted
[Mon Aug 31 07:00:55 2026] [::1]:56746 Closing
[Mon Aug 31 07:00:55 2026] [::1]:51318 Accepted
[Mon Aug 31 07:00:55 2026] [::1]:51318 Closing
[Mon Aug 31 07:00:55 2026] [::1]:63564 Accepted
[Mon Aug 31 07:00:55 2026] [::1]:63564 Closing
[Mon Aug 31 07:04:30 2026] [::1]:54301 Accepted
[Mon Aug 31 07:04:30 2026] [::1]:54301 Closing
[Mon Aug 31 07:04:30 2026] [::1]:54303 Accepted
[Mon Aug 31 07:04:30 2026] [::1]:54303 Closing
[Mon Aug 31 07:04:30 2026] [::1]:54305 Accepted
[Mon Aug 31 07:04:30 2026] [::1]:54305 Closing
[Mon Aug 31 07:04:30 2026] [::1]:54307 Accepted
[Mon Aug 31 07:04:30 2026] [::1]:54307 Closing
[Mon Aug 31 07:04:30 2026] [::1]:64171 Accepted
[Mon Aug 31 07:04:30 2026] [::1]:64171 Closing
[Mon Aug 31 07:04:30 2026] [::1]:62153 Accepted
[Mon Aug 31 07:04:31 2026] [::1]:62153 Closing
[Mon Aug 31 07:04:53 2026] [::1]:57465 Accepted
[Mon Aug 31 07:04:53 2026] [::1]:57465 Closing
[Mon Aug 31 07:04:53 2026] [::1]:57467 Accepted
[Mon Aug 31 07:04:53 2026] [::1]:57467 Closing
[Mon Aug 31 07:05:26 2026] [::1]:64608 Accepted
[Mon Aug 31 07:05:26 2026] [::1]:64608 Closing
[Mon Aug 31 07:05:26 2026] [::1]:64610 Accepted
[Mon Aug 31 07:05:26 2026] [::1]:64610 Closing
[Mon Aug 31 07:05:33 2026] [::1]:64634 Accepted
[Mon Aug 31 07:05:33 2026] [::1]:64634 Closing
[Mon Aug 31 07:05:33 2026] [::1]:64636 Accepted
[Mon Aug 31 07:05:34 2026] [::1]:64636 Closing
[Mon Aug 31 07:05:41 2026] [::1]:64660 Accepted
[Mon Aug 31 07:05:41 2026] [::1]:64660 Closing
[Mon Aug 31 07:05:41 2026] [::1]:64662 Accepted
[Mon Aug 31 07:05:41 2026] [::1]:64662 Closing
[Mon Aug 31 07:05:48 2026] [::1]:64686 Accepted
[Mon Aug 31 07:05:48 2026] [::1]:64686 Closing
[Mon Aug 31 07:05:48 2026] [::1]:64688 Accepted
[Mon Aug 31 07:05:48 2026] [::1]:64688 Closing
[Mon Aug 31 07:05:55 2026] [::1]:64712 Accepted
[Mon Aug 31 07:05:55 2026] [::1]:64712 Closing
[Mon Aug 31 07:05:55 2026] [::1]:64714 Accepted
[Mon Aug 31 07:05:55 2026] [::1]:64714 Closing
[Mon Aug 31 07:06:26 2026] [::1]:65216 Accepted
[Mon Aug 31 07:06:27 2026] [::1]:65216 Closing
[Mon Aug 31 07:06:27 2026] [::1]:65218 Accepted
[Mon Aug 31 07:06:27 2026] [::1]:65218 Closing
[Mon Aug 31 07:06:41 2026] [::1]:65242 Accepted
[Mon Aug 31 07:06:41 2026] [::1]:65242 Closing
[Mon Aug 31 07:06:41 2026] [::1]:65244 Accepted
[Mon Aug 31 07:06:41 2026] [::1]:65244 Closing
[Mon Aug 31 07:07:01 2026] [::1]:65270 Accepted
[Mon Aug 31 07:07:01 2026] [::1]:65270 Closing
[Mon Aug 31 07:07:01 2026] [::1]:65272 Accepted
[Mon Aug 31 07:07:01 2026] [::1]:65272 Closing
[Mon Aug 31 07:07:01 2026] [::1]:65274 Accepted
[Mon Aug 31 07:07:01 2026] [::1]:65274 Closing
[Mon Aug 31 07:07:01 2026] [::1]:65276 Accepted
[Mon Aug 31 07:07:02 2026] [::1]:65276 Closing
[Mon Aug 31 07:07:10 2026] [::1]:64054 Accepted
[Mon Aug 31 07:07:10 2026] [::1]:64054 Closing
[Mon Aug 31 07:07:10 2026] [::1]:64056 Accepted
[Mon Aug 31 07:07:10 2026] [::1]:64056 Closing
[Mon Aug 31 07:07:10 2026] [::1]:64058 Accepted
[Mon Aug 31 07:07:11 2026] [::1]:64058 Closing
[Mon Aug 31 07:07:11 2026] [::1]:64060 Accepted
[Mon Aug 31 07:07:11 2026] [::1]:64060 Closing
[Mon Aug 31 07:08:41 2026] [::1]:61288 Accepted
[Mon Aug 31 07:08:41 2026] [::1]:61288 Closing
[Mon Aug 31 07:08:41 2026] [::1]:61290 Accepted
[Mon Aug 31 07:08:41 2026] [::1]:61290 Closing
[Mon Aug 31 07:08:41 2026] [::1]:61292 Accepted
[Mon Aug 31 07:08:41 2026] [::1]:61292 Closing
[Mon Aug 31 07:09:04 2026] [::1]:65202 Accepted
[Mon Aug 31 07:09:04 2026] [::1]:65202 Closing
[Mon Aug 31 07:09:04 2026] [::1]:65204 Accepted
[Mon Aug 31 07:09:04 2026] [::1]:65204 Closing
[Mon Aug 31 07:09:04 2026] [::1]:65206 Accepted
[Mon Aug 31 07:09:04 2026] [::1]:65206 Closing
[Mon Aug 31 07:09:04 2026] [::1]:65208 Accepted
[Mon Aug 31 07:09:04 2026] [::1]:65208 Closing
[Mon Aug 31 07:09:04 2026] [::1]:65210 Accepted
[Mon Aug 31 07:09:05 2026] [::1]:65210 Closing
[Mon Aug 31 07:09:05 2026] [::1]:65212 Accepted
[Mon Aug 31 07:09:05 2026] [::1]:65212 Closing
[Mon Aug 31 07:09:31 2026] [::1]:65285 Accepted
[Mon Aug 31 07:09:31 2026] [::1]:65285 Closing
[Mon Aug 31 07:09:31 2026] [::1]:65287 Accepted
[Mon Aug 31 07:09:31 2026] [::1]:65287 Closing
[Mon Aug 31 07:09:46 2026] [::1]:65333 Accepted
[Mon Aug 31 07:09:47 2026] [::1]:65333 Closing
[Mon Aug 31 07:09:47 2026] [::1]:65335 Accepted
[Mon Aug 31 07:09:47 2026] [::1]:65335 Closing
[Mon Aug 31 07:09:47 2026] [::1]:65337 Accepted
[Mon Aug 31 07:09:47 2026] [::1]:65337 Closing
[Mon Aug 31 07:09:47 2026] [::1]:65339 Accepted
[Mon Aug 31 07:09:47 2026] [::1]:65339 Closing
[Mon Aug 31 07:09:56 2026] [::1]:57984 Accepted
[Mon Aug 31 07:09:56 2026] [::1]:57984 Closing
[Mon Aug 31 07:09:56 2026] [::1]:57986 Accepted
[Mon Aug 31 07:09:57 2026] [::1]:57986 Closing
[Mon Aug 31 07:10:09 2026] [::1]:58011 Accepted
[Mon Aug 31 07:10:09 2026] [::1]:58011 Closing
[Mon Aug 31 07:10:09 2026] [::1]:58013 Accepted
[Mon Aug 31 07:10:09 2026] [::1]:58013 Closing
[Mon Aug 31 07:10:23 2026] [::1]:58037 Accepted
[Mon Aug 31 07:10:23 2026] [::1]:58037 Closing
[Mon Aug 31 07:10:23 2026] [::1]:58039 Accepted
[Mon Aug 31 07:10:24 2026] [::1]:58039 Closing
[Mon Aug 31 07:10:24 2026] [::1]:58041 Accepted
[Mon Aug 31 07:10:24 2026] [::1]:58041 Closing
[Mon Aug 31 07:10:24 2026] [::1]:58043 Accepted
[Mon Aug 31 07:10:24 2026] [::1]:58043 Closing
[Mon Aug 31 07:10:34 2026] [::1]:58067 Accepted
[Mon Aug 31 07:10:34 2026] [::1]:58067 Closing
[Mon Aug 31 07:10:34 2026] [::1]:58069 Accepted
[Mon Aug 31 07:10:34 2026] [::1]:58069 Closing
[Mon Aug 31 07:10:45 2026] [::1]:58095 Accepted
[Mon Aug 31 07:10:45 2026] [::1]:58095 Closing
[Mon Aug 31 07:10:45 2026] [::1]:58097 Accepted
[Mon Aug 31 07:10:45 2026] [::1]:58097 Closing
[Mon Aug 31 07:10:45 2026] [::1]:58099 Accepted
[Mon Aug 31 07:10:46 2026] [::1]:58099 Closing
[Mon Aug 31 07:10:46 2026] [::1]:58101 Accepted
[Mon Aug 31 07:10:46 2026] [::1]:58101 Closing
[Mon Aug 31 07:10:46 2026] [::1]:58103 Accepted
[Mon Aug 31 07:10:46 2026] [::1]:58103 Closing
[Mon Aug 31 07:10:46 2026] [::1]:58105 Accepted
[Mon Aug 31 07:10:46 2026] [::1]:58105 Closing
[Mon Aug 31 07:11:53 2026] [::1]:58255 Accepted
[Mon Aug 31 07:11:53 2026] [::1]:58255 Closing
[Mon Aug 31 07:11:53 2026] [::1]:58257 Accepted
[Mon Aug 31 07:11:53 2026] [::1]:58257 Closing
[Mon Aug 31 07:11:53 2026] [::1]:58259 Accepted
[Mon Aug 31 07:11:53 2026] [::1]:58259 Closing
[Mon Aug 31 07:11:54 2026] [::1]:58261 Accepted
[Mon Aug 31 07:11:54 2026] [::1]:58261 Closing
[Mon Aug 31 07:11:54 2026] [::1]:58263 Accepted
[Mon Aug 31 07:11:54 2026] [::1]:58263 Closing
[Mon Aug 31 07:11:54 2026] [::1]:58265 Accepted
[Mon Aug 31 07:11:54 2026] [::1]:58265 Closing
[Mon Aug 31 07:13:28 2026] [::1]:57604 Accepted
[Mon Aug 31 07:13:28 2026] [::1]:57604 Closing
[Mon Aug 31 07:13:28 2026] [::1]:57606 Accepted
[Mon Aug 31 07:13:28 2026] [::1]:57606 Closing
[Mon Aug 31 07:13:28 2026] [::1]:57608 Accepted
[Mon Aug 31 07:13:29 2026] [::1]:57608 Closing
[Mon Aug 31 07:13:29 2026] [::1]:57610 Accepted
[Mon Aug 31 07:13:29 2026] [::1]:57610 Closing
[Mon Aug 31 07:13:29 2026] [::1]:57612 Accepted
[Mon Aug 31 07:13:29 2026] [::1]:57612 Closing
[Mon Aug 31 07:13:29 2026] [::1]:57614 Accepted
[Mon Aug 31 07:13:29 2026] [::1]:57614 Closing
[Mon Aug 31 07:13:42 2026] [::1]:57639 Accepted
[Mon Aug 31 07:13:42 2026] [::1]:57639 Closing
[Mon Aug 31 07:13:42 2026] [::1]:57641 Accepted
[Mon Aug 31 07:13:42 2026] [::1]:57641 Closing
[Mon Aug 31 07:13:42 2026] [::1]:57643 Accepted
[Mon Aug 31 07:13:42 2026] [::1]:57643 Closing
[Mon Aug 31 07:13:42 2026] [::1]:57645 Accepted
[Mon Aug 31 07:13:42 2026] [::1]:57645 Closing
[Mon Aug 31 07:13:42 2026] [::1]:57647 Accepted
[Mon Aug 31 07:13:42 2026] [::1]:57647 Closing
[Mon Aug 31 07:13:42 2026] [::1]:57649 Accepted
[Mon Aug 31 07:13:43 2026] [::1]:57649 Closing
[Mon Aug 31 07:14:21 2026] [::1]:57704 Accepted
[Mon Aug 31 07:14:21 2026] [::1]:57704 Closing
[Mon Aug 31 07:14:21 2026] [::1]:57706 Accepted
[Mon Aug 31 07:14:21 2026] [::1]:57706 Closing
[Mon Aug 31 07:14:21 2026] [::1]:57708 Accepted
[Mon Aug 31 07:14:21 2026] [::1]:57708 Closing
[Mon Aug 31 07:14:21 2026] [::1]:57710 Accepted
[Mon Aug 31 07:14:22 2026] [::1]:57710 Closing
[Mon Aug 31 07:14:22 2026] [::1]:57712 Accepted
[Mon Aug 31 07:14:22 2026] [::1]:57712 Closing
[Mon Aug 31 07:14:22 2026] [::1]:57714 Accepted
[Mon Aug 31 07:14:22 2026] [::1]:57714 Closing
[Mon Aug 31 07:22:37 2026] [::1]:51788 Accepted
[Mon Aug 31 07:22:38 2026] [::1]:51788 Closing
[Mon Aug 31 07:22:38 2026] [::1]:51790 Accepted
[Mon Aug 31 07:22:38 2026] [::1]:51790 Closing
[Mon Aug 31 07:22:38 2026] [::1]:51792 Accepted
[Mon Aug 31 07:22:38 2026] [::1]:51792 Closing
[Mon Aug 31 07:22:38 2026] [::1]:51794 Accepted
[Mon Aug 31 07:22:38 2026] [::1]:51794 Closing
[Mon Aug 31 07:22:38 2026] [::1]:51796 Accepted
[Mon Aug 31 07:22:38 2026] [::1]:51796 Closing
[Mon Aug 31 07:22:38 2026] [::1]:51798 Accepted
[Mon Aug 31 07:22:39 2026] [::1]:51798 Closing
[Mon Aug 31 07:34:02 2026] [::1]:55594 Accepted
[Mon Aug 31 07:34:02 2026] [::1]:56327 Accepted
[Mon Aug 31 07:34:02 2026] [::1]:56327 Closing
[Mon Aug 31 07:34:02 2026] [::1]:55594 Closing
[Mon Aug 31 07:34:03 2026] [::1]:57684 Accepted
[Mon Aug 31 07:34:03 2026] [::1]:52139 Accepted
[Mon Aug 31 07:34:03 2026] [::1]:57684 Closing
[Mon Aug 31 07:34:03 2026] [::1]:56063 Accepted
[Mon Aug 31 07:34:03 2026] [::1]:52139 [200]: GET /assets/css/app.css
[Mon Aug 31 07:34:03 2026] [::1]:56063 [200]: GET /assets/js/app.js
[Mon Aug 31 07:34:03 2026] [::1]:52139 Closing
[Mon Aug 31 07:34:03 2026] [::1]:56063 Closing
[Mon Aug 31 07:34:03 2026] [::1]:55268 Accepted
[Mon Aug 31 07:34:03 2026] [::1]:55268 Closing
[Mon Aug 31 07:34:05 2026] [::1]:50925 Accepted
[Mon Aug 31 07:34:05 2026] [::1]:61519 Accepted
[Mon Aug 31 07:34:05 2026] [::1]:50925 Closing
[Mon Aug 31 07:34:05 2026] [::1]:61519 Closing
[Mon Aug 31 07:34:05 2026] [::1]:57086 Accepted
[Mon Aug 31 07:34:06 2026] [::1]:57086 Closing
[Mon Aug 31 07:34:06 2026] [::1]:56524 Accepted
[Mon Aug 31 07:34:06 2026] [::1]:56524 [200]: GET /favicon.ico
[Mon Aug 31 07:34:06 2026] [::1]:56524 Closing
[Mon Aug 31 07:34:24 2026] [::1]:61071 Accepted
[Mon Aug 31 07:34:25 2026] [::1]:61071 Closing
[Mon Aug 31 07:34:25 2026] [::1]:63806 Accepted
[Mon Aug 31 07:34:25 2026] [::1]:63806 Closing
[Mon Aug 31 07:34:25 2026] [::1]:55590 Accepted
[Mon Aug 31 07:34:25 2026] [::1]:55590 Closing
[Mon Aug 31 07:34:25 2026] [::1]:55078 Accepted
[Mon Aug 31 07:34:26 2026] [::1]:55078 Closing
[Mon Aug 31 07:42:11 2026] [::1]:64467 Accepted
[Mon Aug 31 07:42:11 2026] [::1]:64467 [200]: GET /uploads/1788169910_6741295665e5fd8fd202.jpg
[Mon Aug 31 07:42:11 2026] [::1]:64467 Closing
[Mon Aug 31 07:43:34 2026] [::1]:52281 Accepted
[Mon Aug 31 07:43:34 2026] [::1]:52281 Closing
[Mon Aug 31 07:43:34 2026] [::1]:52283 Accepted
[Mon Aug 31 07:43:34 2026] [::1]:52283 Closing
[Mon Aug 31 07:43:34 2026] [::1]:52285 Accepted
[Mon Aug 31 07:43:34 2026] [::1]:52285 Closing
[Mon Aug 31 07:43:35 2026] [::1]:52287 Accepted
[Mon Aug 31 07:43:35 2026] [::1]:52287 Closing
[Mon Aug 31 07:43:49 2026] [::1]:52313 Accepted
[Mon Aug 31 07:43:49 2026] [::1]:52313 Closing
[Mon Aug 31 07:43:49 2026] [::1]:52315 Accepted
[Mon Aug 31 07:43:49 2026] [::1]:52315 Closing
[Mon Aug 31 07:43:49 2026] [::1]:52317 Accepted
[Mon Aug 31 07:43:49 2026] [::1]:52317 Closing
[Mon Aug 31 07:43:49 2026] [::1]:52319 Accepted
[Mon Aug 31 07:43:49 2026] [::1]:52319 Closing
[Mon Aug 31 07:43:50 2026] [::1]:52321 Accepted
[Mon Aug 31 07:43:50 2026] [::1]:52321 Closing
[Mon Aug 31 07:47:13 2026] [::1]:61955 Accepted
[Mon Aug 31 07:47:14 2026] [::1]:61955 Closing
[Mon Aug 31 07:48:00 2026] [::1]:61993 Accepted
[Mon Aug 31 07:48:01 2026] [::1]:61993 Closing
[Mon Aug 31 07:48:01 2026] [::1]:61995 Accepted
[Mon Aug 31 07:48:01 2026] [::1]:61995 Closing
[Mon Aug 31 07:48:01 2026] [::1]:61997 Accepted
[Mon Aug 31 07:48:01 2026] [::1]:61997 Closing
[Mon Aug 31 07:48:01 2026] [::1]:61999 Accepted
[Mon Aug 31 07:48:01 2026] [::1]:61999 Closing
[Mon Aug 31 07:48:11 2026] [::1]:62030 Accepted
[Mon Aug 31 07:48:11 2026] [::1]:62030 Closing
[Mon Aug 31 07:48:32 2026] [::1]:62056 Accepted
[Mon Aug 31 07:48:32 2026] [::1]:62056 Closing
[Mon Aug 31 07:48:40 2026] [::1]:62081 Accepted
[Mon Aug 31 07:48:40 2026] [::1]:62081 Closing
[Mon Aug 31 07:48:48 2026] [::1]:62105 Accepted
[Mon Aug 31 07:48:49 2026] [::1]:62105 Closing
[Mon Aug 31 07:49:18 2026] [::1]:62153 Accepted
[Mon Aug 31 07:49:18 2026] [::1]:62153 Closing
[Mon Aug 31 07:49:18 2026] [::1]:62155 Accepted
[Mon Aug 31 07:49:18 2026] [::1]:62155 Closing
[Mon Aug 31 07:49:18 2026] [::1]:56521 Accepted
[Mon Aug 31 07:49:18 2026] [::1]:56521 Closing
[Mon Aug 31 07:49:18 2026] [::1]:56523 Accepted
[Mon Aug 31 07:49:19 2026] [::1]:56523 Closing
[Mon Aug 31 07:49:19 2026] [::1]:56382 Accepted
[Mon Aug 31 07:49:19 2026] [::1]:56382 Closing
[Mon Aug 31 07:50:45 2026] [::1]:64298 Accepted
[Mon Aug 31 07:50:45 2026] [::1]:64298 Closing
[Mon Aug 31 07:50:45 2026] [::1]:64300 Accepted
[Mon Aug 31 07:50:45 2026] [::1]:64300 Closing
[Mon Aug 31 07:50:45 2026] [::1]:64302 Accepted
[Mon Aug 31 07:50:45 2026] [::1]:64302 Closing
[Mon Aug 31 07:50:45 2026] [::1]:64304 Accepted
[Mon Aug 31 07:50:45 2026] [::1]:64304 Closing
[Mon Aug 31 08:03:18 2026] [::1]:56495 Accepted
[Mon Aug 31 08:03:18 2026] [::1]:59031 Accepted
[Mon Aug 31 08:03:18 2026] [::1]:59031 Closing
[Mon Aug 31 08:03:18 2026] [::1]:56495 Closing
[Mon Aug 31 08:03:18 2026] [::1]:60730 Accepted
[Mon Aug 31 08:03:19 2026] [::1]:60730 Closing
[Mon Aug 31 08:03:19 2026] [::1]:57773 Accepted
[Mon Aug 31 08:03:19 2026] [::1]:57773 [200]: GET /favicon.ico
[Mon Aug 31 08:03:19 2026] [::1]:57773 Closing
[Mon Aug 31 08:03:19 2026] [::1]:64158 Accepted
[Mon Aug 31 08:03:20 2026] [::1]:64158 Closing
[Mon Aug 31 08:03:20 2026] [::1]:54038 Accepted
[Mon Aug 31 08:03:20 2026] [::1]:54038 Closing
[Mon Aug 31 08:03:20 2026] [::1]:50556 Accepted
[Mon Aug 31 08:03:20 2026] [::1]:50556 [200]: GET /uploads/1788169910_6741295665e5fd8fd202.jpg
[Mon Aug 31 08:03:20 2026] [::1]:61047 Accepted
[Mon Aug 31 08:03:20 2026] [::1]:53259 Accepted
[Mon Aug 31 08:03:20 2026] [::1]:61047 Closing
[Mon Aug 31 08:03:20 2026] [::1]:55647 Accepted
[Mon Aug 31 08:03:20 2026] [::1]:53259 [200]: GET /assets/css/app.css
[Mon Aug 31 08:03:20 2026] [::1]:50556 Closing
[Mon Aug 31 08:03:20 2026] [::1]:55647 [200]: GET /assets/js/app.js
[Mon Aug 31 08:03:20 2026] [::1]:53259 Closing
[Mon Aug 31 08:03:20 2026] [::1]:55647 Closing
[Mon Aug 31 08:03:20 2026] [::1]:56488 Accepted
[Mon Aug 31 08:03:20 2026] [::1]:56488 Closing
[Mon Aug 31 08:03:21 2026] [::1]:50739 Accepted
[Mon Aug 31 08:03:21 2026] [::1]:50574 Accepted
[Mon Aug 31 08:03:22 2026] [::1]:50739 Closing
[Mon Aug 31 08:03:22 2026] [::1]:58994 Accepted
[Mon Aug 31 08:03:22 2026] [::1]:50574 Closing
[Mon Aug 31 08:03:22 2026] [::1]:60368 Accepted
[Mon Aug 31 08:03:22 2026] [::1]:58994 [200]: GET /assets/css/app.css
[Mon Aug 31 08:03:22 2026] [::1]:52341 Accepted
[Mon Aug 31 08:03:22 2026] [::1]:60368 [200]: GET /assets/js/app.js
[Mon Aug 31 08:03:22 2026] [::1]:52341 [200]: GET /uploads/1788169910_6741295665e5fd8fd202.jpg
[Mon Aug 31 08:03:22 2026] [::1]:58994 Closing
[Mon Aug 31 08:03:22 2026] [::1]:60368 Closing
[Mon Aug 31 08:03:22 2026] [::1]:52341 Closing
[Mon Aug 31 08:03:22 2026] [::1]:63780 Accepted
[Mon Aug 31 08:03:22 2026] [::1]:63780 Closing
[Mon Aug 31 08:03:22 2026] [::1]:62853 Accepted
[Mon Aug 31 08:03:22 2026] [::1]:62853 [200]: GET /favicon.ico
[Mon Aug 31 08:03:22 2026] [::1]:62853 Closing
[Mon Aug 31 08:03:24 2026] [::1]:61076 Accepted
[Mon Aug 31 08:03:24 2026] [::1]:61076 Closing
[Mon Aug 31 08:03:24 2026] [::1]:62492 Accepted
[Mon Aug 31 08:03:24 2026] [::1]:62492 Closing
[Mon Aug 31 08:03:24 2026] [::1]:55763 Accepted
[Mon Aug 31 08:03:24 2026] [::1]:59610 Accepted
[Mon Aug 31 08:03:24 2026] [::1]:55763 [200]: GET /uploads/1788169910_6741295665e5fd8fd202.jpg
[Mon Aug 31 08:03:24 2026] [::1]:50005 Accepted
[Mon Aug 31 08:03:24 2026] [::1]:59610 [200]: GET /assets/css/app.css
[Mon Aug 31 08:03:24 2026] [::1]:50005 [200]: GET /assets/js/app.js
[Mon Aug 31 08:03:24 2026] [::1]:55763 Closing
[Mon Aug 31 08:03:24 2026] [::1]:59610 Closing
[Mon Aug 31 08:03:24 2026] [::1]:50005 Closing
[Mon Aug 31 08:03:24 2026] [::1]:64724 Accepted
[Mon Aug 31 08:03:25 2026] [::1]:64724 Closing
[Mon Aug 31 08:03:36 2026] [::1]:60517 Accepted
[Mon Aug 31 08:03:36 2026] [::1]:61031 Accepted
[Mon Aug 31 08:03:36 2026] [::1]:60517 Closing
[Mon Aug 31 08:03:37 2026] [::1]:61031 Closing
[Mon Aug 31 08:03:37 2026] [::1]:50292 Accepted
[Mon Aug 31 08:03:37 2026] [::1]:53162 Accepted
[Mon Aug 31 08:03:37 2026] [::1]:51364 Accepted
[Mon Aug 31 08:03:37 2026] [::1]:50292 [200]: GET /assets/css/app.css
[Mon Aug 31 08:03:37 2026] [::1]:53162 Closing
[Mon Aug 31 08:03:37 2026] [::1]:51364 [200]: GET /uploads/1788174216_bbd5b7738343e54bc028.jpg
[Mon Aug 31 08:03:37 2026] [::1]:61673 Accepted
[Mon Aug 31 08:03:37 2026] [::1]:61673 [200]: GET /assets/js/app.js
[Mon Aug 31 08:03:37 2026] [::1]:50292 Closing
[Mon Aug 31 08:03:37 2026] [::1]:51364 Closing
[Mon Aug 31 08:03:37 2026] [::1]:61673 Closing
[Mon Aug 31 08:03:37 2026] [::1]:51804 Accepted
[Mon Aug 31 08:03:37 2026] [::1]:51804 Closing
[Mon Aug 31 08:03:41 2026] [::1]:59319 Accepted
[Mon Aug 31 08:03:41 2026] [::1]:56648 Accepted
[Mon Aug 31 08:03:41 2026] [::1]:59319 Closing
[Mon Aug 31 08:03:41 2026] [::1]:56648 Closing
[Mon Aug 31 08:03:41 2026] [::1]:52290 Accepted
[Mon Aug 31 08:03:42 2026] [::1]:52290 Closing
[Mon Aug 31 08:03:42 2026] [::1]:55459 Accepted
[Mon Aug 31 08:03:42 2026] [::1]:55459 [200]: GET /favicon.ico
[Mon Aug 31 08:03:42 2026] [::1]:55459 Closing
[Mon Aug 31 08:05:36 2026] [::1]:62567 Accepted
[Mon Aug 31 08:05:36 2026] [::1]:62567 Closing
[Mon Aug 31 08:05:36 2026] [::1]:52765 Accepted
[Mon Aug 31 08:05:37 2026] [::1]:52765 Closing
[Mon Aug 31 08:05:37 2026] [::1]:50932 Accepted
[Mon Aug 31 08:05:37 2026] [::1]:60789 Accepted
[Mon Aug 31 08:05:37 2026] [::1]:50932 [200]: GET /assets/css/app.css
[Mon Aug 31 08:05:37 2026] [::1]:61688 Accepted
[Mon Aug 31 08:05:37 2026] [::1]:60789 [200]: GET /uploads/1788174216_bbd5b7738343e54bc028.jpg
[Mon Aug 31 08:05:37 2026] [::1]:61688 [200]: GET /assets/js/app.js
[Mon Aug 31 08:05:37 2026] [::1]:50932 Closing
[Mon Aug 31 08:05:37 2026] [::1]:60789 Closing
[Mon Aug 31 08:05:37 2026] [::1]:61688 Closing
[Mon Aug 31 08:05:37 2026] [::1]:49420 Accepted
[Mon Aug 31 08:05:37 2026] [::1]:49420 Closing
[Mon Aug 31 08:05:39 2026] [::1]:62413 Accepted
[Mon Aug 31 08:05:39 2026] [::1]:51026 Accepted
[Mon Aug 31 08:05:40 2026] [::1]:62413 Closing
[Mon Aug 31 08:05:40 2026] [::1]:51026 Closing
[Mon Aug 31 08:05:40 2026] [::1]:54935 Accepted
[Mon Aug 31 08:05:40 2026] [::1]:52798 Accepted
[Mon Aug 31 08:05:40 2026] [::1]:54935 [200]: GET /assets/css/app.css
[Mon Aug 31 08:05:40 2026] [::1]:51938 Accepted
[Mon Aug 31 08:05:40 2026] [::1]:52798 [200]: GET /uploads/1788174216_bbd5b7738343e54bc028.jpg
[Mon Aug 31 08:05:40 2026] [::1]:51938 [200]: GET /assets/js/app.js
[Mon Aug 31 08:05:40 2026] [::1]:54935 Closing
[Mon Aug 31 08:05:40 2026] [::1]:52798 Closing
[Mon Aug 31 08:05:40 2026] [::1]:51938 Closing
[Mon Aug 31 08:05:40 2026] [::1]:60765 Accepted
[Mon Aug 31 08:05:40 2026] [::1]:60765 Closing
[Mon Aug 31 08:05:51 2026] [::1]:58589 Accepted
[Mon Aug 31 08:05:51 2026] [::1]:64597 Accepted
[Mon Aug 31 08:05:51 2026] [::1]:58589 Closing
[Mon Aug 31 08:05:52 2026] [::1]:64597 Closing
[Mon Aug 31 08:05:52 2026] [::1]:64474 Accepted
[Mon Aug 31 08:05:52 2026] [::1]:64474 Closing
[Mon Aug 31 08:05:52 2026] [::1]:51092 Accepted
[Mon Aug 31 08:05:52 2026] [::1]:63756 Accepted
[Mon Aug 31 08:05:52 2026] [::1]:51092 [200]: GET /assets/css/app.css
[Mon Aug 31 08:05:52 2026] [::1]:62003 Accepted
[Mon Aug 31 08:05:52 2026] [::1]:63756 [200]: GET /uploads/1788174216_bbd5b7738343e54bc028.jpg
[Mon Aug 31 08:05:52 2026] [::1]:62003 [200]: GET /assets/js/app.js
[Mon Aug 31 08:05:52 2026] [::1]:51092 Closing
[Mon Aug 31 08:05:52 2026] [::1]:63756 Closing
[Mon Aug 31 08:05:52 2026] [::1]:62003 Closing
[Mon Aug 31 08:05:52 2026] [::1]:63056 Accepted
[Mon Aug 31 08:05:52 2026] [::1]:63056 Closing
[Mon Aug 31 08:05:57 2026] [::1]:49517 Accepted
[Mon Aug 31 08:05:57 2026] [::1]:49517 Closing
[Mon Aug 31 08:05:57 2026] [::1]:50337 Accepted
[Mon Aug 31 08:05:58 2026] [::1]:50337 Closing
[Mon Aug 31 08:05:58 2026] [::1]:63061 Accepted
[Mon Aug 31 08:05:58 2026] [::1]:55186 Accepted
[Mon Aug 31 08:05:58 2026] [::1]:63061 [200]: GET /assets/css/app.css
[Mon Aug 31 08:05:58 2026] [::1]:65002 Accepted
[Mon Aug 31 08:05:58 2026] [::1]:55186 [200]: GET /uploads/1788174216_bbd5b7738343e54bc028.jpg
[Mon Aug 31 08:05:58 2026] [::1]:65002 [200]: GET /assets/js/app.js
[Mon Aug 31 08:05:58 2026] [::1]:63061 Closing
[Mon Aug 31 08:05:58 2026] [::1]:55186 Closing
[Mon Aug 31 08:05:58 2026] [::1]:65002 Closing
[Mon Aug 31 08:05:58 2026] [::1]:50669 Accepted
[Mon Aug 31 08:05:58 2026] [::1]:50669 Closing
[Mon Aug 31 08:06:40 2026] [::1]:52301 Accepted
[Mon Aug 31 08:06:40 2026] [::1]:58179 Accepted
[Mon Aug 31 08:06:40 2026] [::1]:52301 Closing
[Mon Aug 31 08:06:41 2026] [::1]:58179 Closing
[Mon Aug 31 08:06:41 2026] [::1]:56772 Accepted
[Mon Aug 31 08:06:41 2026] [::1]:56772 Closing
[Mon Aug 31 08:06:41 2026] [::1]:61725 Accepted
[Mon Aug 31 08:06:41 2026] [::1]:50830 Accepted
[Mon Aug 31 08:06:41 2026] [::1]:61725 [200]: GET /assets/css/app.css
[Mon Aug 31 08:06:41 2026] [::1]:62766 Accepted
[Mon Aug 31 08:06:41 2026] [::1]:50830 [200]: GET /uploads/1788174216_bbd5b7738343e54bc028.jpg
[Mon Aug 31 08:06:41 2026] [::1]:62766 [200]: GET /assets/js/app.js
[Mon Aug 31 08:06:41 2026] [::1]:61725 Closing
[Mon Aug 31 08:06:41 2026] [::1]:50830 Closing
[Mon Aug 31 08:06:41 2026] [::1]:62766 Closing
[Mon Aug 31 08:06:41 2026] [::1]:64104 Accepted
[Mon Aug 31 08:06:41 2026] [::1]:64104 Closing
[Mon Aug 31 08:06:47 2026] [::1]:59349 Accepted
[Mon Aug 31 08:06:47 2026] [::1]:56009 Accepted
[Mon Aug 31 08:06:47 2026] [::1]:59349 Closing
[Mon Aug 31 08:06:48 2026] [::1]:56009 Closing
[Mon Aug 31 08:06:48 2026] [::1]:54339 Accepted
[Mon Aug 31 08:06:48 2026] [::1]:52375 Accepted
[Mon Aug 31 08:06:48 2026] [::1]:54339 [200]: GET /uploads/1788174216_bbd5b7738343e54bc028.jpg
[Mon Aug 31 08:06:48 2026] [::1]:56296 Accepted
[Mon Aug 31 08:06:48 2026] [::1]:52375 [200]: GET /assets/css/app.css
[Mon Aug 31 08:06:48 2026] [::1]:56296 [200]: GET /assets/js/app.js
[Mon Aug 31 08:06:48 2026] [::1]:54339 Closing
[Mon Aug 31 08:06:48 2026] [::1]:52375 Closing
[Mon Aug 31 08:06:48 2026] [::1]:56296 Closing
[Mon Aug 31 08:06:48 2026] [::1]:65210 Accepted
[Mon Aug 31 08:06:48 2026] [::1]:65210 Closing
[Mon Aug 31 08:06:54 2026] [::1]:55961 Accepted
[Mon Aug 31 08:06:54 2026] [::1]:55961 Closing
[Mon Aug 31 08:06:54 2026] [::1]:64314 Accepted
[Mon Aug 31 08:06:54 2026] [::1]:64314 Closing
[Mon Aug 31 08:06:54 2026] [::1]:57613 Accepted
[Mon Aug 31 08:06:54 2026] [::1]:63285 Accepted
[Mon Aug 31 08:06:54 2026] [::1]:57613 [200]: GET /assets/css/app.css
[Mon Aug 31 08:06:54 2026] [::1]:64392 Accepted
[Mon Aug 31 08:06:54 2026] [::1]:63285 [200]: GET /uploads/1788174216_bbd5b7738343e54bc028.jpg
[Mon Aug 31 08:06:54 2026] [::1]:64392 [200]: GET /assets/js/app.js
[Mon Aug 31 08:06:54 2026] [::1]:57613 Closing
[Mon Aug 31 08:06:54 2026] [::1]:63285 Closing
[Mon Aug 31 08:06:54 2026] [::1]:64392 Closing
[Mon Aug 31 08:06:54 2026] [::1]:56587 Accepted
[Mon Aug 31 08:06:54 2026] [::1]:56587 Closing
[Mon Aug 31 08:07:05 2026] [::1]:60472 Accepted
[Mon Aug 31 08:07:06 2026] [::1]:60472 Closing
[Mon Aug 31 08:07:06 2026] [::1]:54625 Accepted
[Mon Aug 31 08:07:06 2026] [::1]:54625 Closing
[Mon Aug 31 08:07:06 2026] [::1]:59884 Accepted
[Mon Aug 31 08:07:06 2026] [::1]:49399 Accepted
[Mon Aug 31 08:07:06 2026] [::1]:59884 [200]: GET /assets/css/app.css
[Mon Aug 31 08:07:06 2026] [::1]:58212 Accepted
[Mon Aug 31 08:07:06 2026] [::1]:49399 [200]: GET /uploads/1788174216_bbd5b7738343e54bc028.jpg
[Mon Aug 31 08:07:06 2026] [::1]:58212 [200]: GET /assets/js/app.js
[Mon Aug 31 08:07:06 2026] [::1]:59884 Closing
[Mon Aug 31 08:07:06 2026] [::1]:49399 Closing
[Mon Aug 31 08:07:06 2026] [::1]:58212 Closing
[Mon Aug 31 08:07:06 2026] [::1]:51205 Accepted
[Mon Aug 31 08:07:06 2026] [::1]:51205 Closing
[Mon Aug 31 08:07:20 2026] [::1]:62400 Accepted
[Mon Aug 31 08:07:20 2026] [::1]:60545 Accepted
[Mon Aug 31 08:07:20 2026] [::1]:62400 Closing
[Mon Aug 31 08:07:21 2026] [::1]:60545 Closing
[Mon Aug 31 08:07:21 2026] [::1]:59769 Accepted
[Mon Aug 31 08:07:21 2026] [::1]:59769 Closing
[Mon Aug 31 08:07:21 2026] [::1]:61101 Accepted
[Mon Aug 31 08:07:21 2026] [::1]:62752 Accepted
[Mon Aug 31 08:07:21 2026] [::1]:61101 [200]: GET /assets/css/app.css
[Mon Aug 31 08:07:21 2026] [::1]:60031 Accepted
[Mon Aug 31 08:07:21 2026] [::1]:62752 [200]: GET /uploads/1788174216_bbd5b7738343e54bc028.jpg
[Mon Aug 31 08:07:21 2026] [::1]:60031 [200]: GET /assets/js/app.js
[Mon Aug 31 08:07:21 2026] [::1]:61101 Closing
[Mon Aug 31 08:07:21 2026] [::1]:62752 Closing
[Mon Aug 31 08:07:21 2026] [::1]:60031 Closing
[Mon Aug 31 08:07:21 2026] [::1]:50310 Accepted
[Mon Aug 31 08:07:21 2026] [::1]:50310 Closing
[Mon Aug 31 08:07:28 2026] [::1]:58907 Accepted
[Mon Aug 31 08:07:29 2026] [::1]:58907 Closing
[Mon Aug 31 08:07:29 2026] [::1]:62728 Accepted
[Mon Aug 31 08:07:29 2026] [::1]:62728 Closing
[Mon Aug 31 08:07:29 2026] [::1]:58835 Accepted
[Mon Aug 31 08:07:29 2026] [::1]:56455 Accepted
[Mon Aug 31 08:07:29 2026] [::1]:58835 [200]: GET /assets/css/app.css
[Mon Aug 31 08:07:29 2026] [::1]:49295 Accepted
[Mon Aug 31 08:07:29 2026] [::1]:56455 [200]: GET /uploads/1788174216_bbd5b7738343e54bc028.jpg
[Mon Aug 31 08:07:29 2026] [::1]:49295 [200]: GET /assets/js/app.js
[Mon Aug 31 08:07:29 2026] [::1]:58835 Closing
[Mon Aug 31 08:07:29 2026] [::1]:56455 Closing
[Mon Aug 31 08:07:29 2026] [::1]:49295 Closing
[Mon Aug 31 08:07:29 2026] [::1]:56572 Accepted
[Mon Aug 31 08:07:29 2026] [::1]:56572 Closing
[Mon Aug 31 08:07:38 2026] [::1]:62542 Accepted
[Mon Aug 31 08:07:39 2026] [::1]:62542 Closing
[Mon Aug 31 08:07:39 2026] [::1]:50055 Accepted
[Mon Aug 31 08:07:39 2026] [::1]:50055 Closing
[Mon Aug 31 08:07:39 2026] [::1]:60506 Accepted
[Mon Aug 31 08:07:39 2026] [::1]:58496 Accepted
[Mon Aug 31 08:07:39 2026] [::1]:60506 [200]: GET /assets/css/app.css
[Mon Aug 31 08:07:39 2026] [::1]:61309 Accepted
[Mon Aug 31 08:07:39 2026] [::1]:58496 [200]: GET /uploads/1788174216_bbd5b7738343e54bc028.jpg
[Mon Aug 31 08:07:39 2026] [::1]:61309 [200]: GET /assets/js/app.js
[Mon Aug 31 08:07:39 2026] [::1]:60506 Closing
[Mon Aug 31 08:07:39 2026] [::1]:58496 Closing
[Mon Aug 31 08:07:39 2026] [::1]:61309 Closing
[Mon Aug 31 08:07:39 2026] [::1]:57424 Accepted
[Mon Aug 31 08:07:39 2026] [::1]:57424 Closing
[Mon Aug 31 08:07:42 2026] [::1]:58059 Accepted
[Mon Aug 31 08:07:42 2026] [::1]:63733 Accepted
[Mon Aug 31 08:07:42 2026] [::1]:58059 Closing
[Mon Aug 31 08:07:43 2026] [::1]:63733 Closing
[Mon Aug 31 08:07:43 2026] [::1]:57289 Accepted
[Mon Aug 31 08:07:43 2026] [::1]:57999 Accepted
[Mon Aug 31 08:07:43 2026] [::1]:57289 [200]: GET /assets/css/app.css
[Mon Aug 31 08:07:43 2026] [::1]:54397 Accepted
[Mon Aug 31 08:07:43 2026] [::1]:57999 [200]: GET /uploads/1788174216_bbd5b7738343e54bc028.jpg
[Mon Aug 31 08:07:43 2026] [::1]:54397 [200]: GET /assets/js/app.js
[Mon Aug 31 08:07:43 2026] [::1]:57289 Closing
[Mon Aug 31 08:07:43 2026] [::1]:57999 Closing
[Mon Aug 31 08:07:43 2026] [::1]:54397 Closing
[Mon Aug 31 08:07:43 2026] [::1]:53378 Accepted
[Mon Aug 31 08:07:43 2026] [::1]:53378 Closing
[Mon Aug 31 08:07:47 2026] [::1]:57873 Accepted
[Mon Aug 31 08:07:47 2026] [::1]:57873 Closing
[Mon Aug 31 08:07:47 2026] [::1]:53679 Accepted
[Mon Aug 31 08:07:47 2026] [::1]:53679 Closing
[Mon Aug 31 08:07:47 2026] [::1]:58726 Accepted
[Mon Aug 31 08:07:47 2026] [::1]:64377 Accepted
[Mon Aug 31 08:07:47 2026] [::1]:58726 [200]: GET /assets/css/app.css
[Mon Aug 31 08:07:47 2026] [::1]:50742 Accepted
[Mon Aug 31 08:07:47 2026] [::1]:64377 [200]: GET /uploads/1788174216_bbd5b7738343e54bc028.jpg
[Mon Aug 31 08:07:47 2026] [::1]:50742 [200]: GET /assets/js/app.js
[Mon Aug 31 08:07:47 2026] [::1]:58726 Closing
[Mon Aug 31 08:07:47 2026] [::1]:64377 Closing
[Mon Aug 31 08:07:47 2026] [::1]:50742 Closing
[Mon Aug 31 08:07:47 2026] [::1]:54353 Accepted
[Mon Aug 31 08:07:47 2026] [::1]:54353 Closing
[Mon Aug 31 08:07:48 2026] [::1]:60359 Accepted
[Mon Aug 31 08:07:49 2026] [::1]:60359 Closing
[Mon Aug 31 08:07:49 2026] [::1]:60473 Accepted
[Mon Aug 31 08:07:49 2026] [::1]:60473 Closing
[Mon Aug 31 08:07:49 2026] [::1]:59421 Accepted
[Mon Aug 31 08:07:49 2026] [::1]:64563 Accepted
[Mon Aug 31 08:07:49 2026] [::1]:59421 [200]: GET /assets/css/app.css
[Mon Aug 31 08:07:49 2026] [::1]:55265 Accepted
[Mon Aug 31 08:07:49 2026] [::1]:64563 [200]: GET /uploads/1788174216_bbd5b7738343e54bc028.jpg
[Mon Aug 31 08:07:49 2026] [::1]:55265 [200]: GET /assets/js/app.js
[Mon Aug 31 08:07:49 2026] [::1]:59421 Closing
[Mon Aug 31 08:07:49 2026] [::1]:64563 Closing
[Mon Aug 31 08:07:49 2026] [::1]:55265 Closing
[Mon Aug 31 08:07:49 2026] [::1]:51917 Accepted
[Mon Aug 31 08:07:49 2026] [::1]:51917 Closing
[Mon Aug 31 08:07:57 2026] [::1]:55003 Accepted
[Mon Aug 31 08:07:57 2026] [::1]:65002 Accepted
[Mon Aug 31 08:07:57 2026] [::1]:55003 Closing
[Mon Aug 31 08:07:57 2026] [::1]:65002 Closing
[Mon Aug 31 08:07:57 2026] [::1]:54973 Accepted
[Mon Aug 31 08:07:57 2026] [::1]:62779 Accepted
[Mon Aug 31 08:07:57 2026] [::1]:54973 [200]: GET /assets/css/app.css
[Mon Aug 31 08:07:57 2026] [::1]:52660 Accepted
[Mon Aug 31 08:07:57 2026] [::1]:62779 [200]: GET /uploads/1788174216_bbd5b7738343e54bc028.jpg
[Mon Aug 31 08:07:57 2026] [::1]:52660 [200]: GET /assets/js/app.js
[Mon Aug 31 08:07:57 2026] [::1]:54973 Closing
[Mon Aug 31 08:07:57 2026] [::1]:62779 Closing
[Mon Aug 31 08:07:57 2026] [::1]:52660 Closing
[Mon Aug 31 08:07:58 2026] [::1]:50446 Accepted
[Mon Aug 31 08:07:58 2026] [::1]:50446 Closing
[Mon Aug 31 08:07:58 2026] [::1]:52091 Accepted
[Mon Aug 31 08:07:58 2026] [::1]:52091 [200]: GET /favicon.ico
[Mon Aug 31 08:07:58 2026] [::1]:52091 Closing
[Mon Aug 31 08:07:59 2026] [::1]:55036 Accepted
[Mon Aug 31 08:07:59 2026] [::1]:55036 Closing
[Mon Aug 31 08:07:59 2026] [::1]:61344 Accepted
[Mon Aug 31 08:07:59 2026] [::1]:61344 Closing
[Mon Aug 31 08:07:59 2026] [::1]:50174 Accepted
[Mon Aug 31 08:07:59 2026] [::1]:52189 Accepted
[Mon Aug 31 08:07:59 2026] [::1]:50174 [200]: GET /assets/css/app.css
[Mon Aug 31 08:07:59 2026] [::1]:52189 [200]: GET /uploads/1788174216_bbd5b7738343e54bc028.jpg
[Mon Aug 31 08:07:59 2026] [::1]:50174 Closing
[Mon Aug 31 08:07:59 2026] [::1]:52189 Closing
[Mon Aug 31 08:07:59 2026] [::1]:63244 Accepted
[Mon Aug 31 08:07:59 2026] [::1]:63244 [200]: GET /assets/js/app.js
[Mon Aug 31 08:07:59 2026] [::1]:63244 Closing
[Mon Aug 31 08:07:59 2026] [::1]:59052 Accepted
[Mon Aug 31 08:08:00 2026] [::1]:59052 Closing
[Mon Aug 31 08:08:00 2026] [::1]:55125 Accepted
[Mon Aug 31 08:08:00 2026] [::1]:55125 [200]: GET /favicon.ico
[Mon Aug 31 08:08:00 2026] [::1]:55125 Closing
[Mon Aug 31 08:08:18 2026] [::1]:52208 Accepted
[Mon Aug 31 08:08:18 2026] [::1]:58806 Accepted
[Mon Aug 31 08:08:18 2026] [::1]:52208 Closing
[Mon Aug 31 08:08:18 2026] [::1]:58806 Closing
[Mon Aug 31 08:08:18 2026] [::1]:49295 Accepted
[Mon Aug 31 08:08:18 2026] [::1]:49295 Closing
[Mon Aug 31 08:08:18 2026] [::1]:52920 Accepted
[Mon Aug 31 08:08:18 2026] [::1]:52920 [200]: GET /favicon.ico
[Mon Aug 31 08:08:18 2026] [::1]:52920 Closing
[Mon Aug 31 08:08:20 2026] [::1]:51945 Accepted
[Mon Aug 31 08:08:20 2026] [::1]:60041 Accepted
[Mon Aug 31 08:08:20 2026] [::1]:51945 Closing
[Mon Aug 31 08:08:20 2026] [::1]:60041 Closing
[Mon Aug 31 08:08:20 2026] [::1]:49271 Accepted
[Mon Aug 31 08:08:20 2026] [::1]:64448 Accepted
[Mon Aug 31 08:08:20 2026] [::1]:49271 [200]: GET /assets/css/app.css
[Mon Aug 31 08:08:20 2026] [::1]:64624 Accepted
[Mon Aug 31 08:08:20 2026] [::1]:64448 [200]: GET /uploads/1788174216_bbd5b7738343e54bc028.jpg
[Mon Aug 31 08:08:20 2026] [::1]:64624 [200]: GET /assets/js/app.js
[Mon Aug 31 08:08:20 2026] [::1]:49271 Closing
[Mon Aug 31 08:08:20 2026] [::1]:64448 Closing
[Mon Aug 31 08:08:20 2026] [::1]:64624 Closing
[Mon Aug 31 08:08:20 2026] [::1]:55547 Accepted
[Mon Aug 31 08:08:21 2026] [::1]:55547 Closing
[Mon Aug 31 08:08:21 2026] [::1]:59237 Accepted
[Mon Aug 31 08:08:21 2026] [::1]:59237 [200]: GET /favicon.ico
[Mon Aug 31 08:08:21 2026] [::1]:59237 Closing
[Mon Aug 31 08:08:32 2026] [::1]:61248 Accepted
[Mon Aug 31 08:08:32 2026] [::1]:61248 Closing
[Mon Aug 31 08:08:32 2026] [::1]:53075 Accepted
[Mon Aug 31 08:08:32 2026] [::1]:53075 Closing
[Mon Aug 31 08:08:32 2026] [::1]:60187 Accepted
[Mon Aug 31 08:08:32 2026] [::1]:59091 Accepted
[Mon Aug 31 08:08:32 2026] [::1]:60187 [200]: GET /assets/css/app.css
[Mon Aug 31 08:08:32 2026] [::1]:52757 Accepted
[Mon Aug 31 08:08:32 2026] [::1]:59091 [200]: GET /uploads/1788174216_bbd5b7738343e54bc028.jpg
[Mon Aug 31 08:08:32 2026] [::1]:52757 [200]: GET /assets/js/app.js
[Mon Aug 31 08:08:32 2026] [::1]:60187 Closing
[Mon Aug 31 08:08:32 2026] [::1]:59091 Closing
[Mon Aug 31 08:08:32 2026] [::1]:52757 Closing
[Mon Aug 31 08:08:32 2026] [::1]:60636 Accepted
[Mon Aug 31 08:08:33 2026] [::1]:60636 Closing
[Mon Aug 31 08:08:39 2026] [::1]:49999 Accepted
[Mon Aug 31 08:08:39 2026] [::1]:54425 Accepted
[Mon Aug 31 08:08:40 2026] [::1]:49999 Closing
[Mon Aug 31 08:08:40 2026] [::1]:54425 Closing
[Mon Aug 31 08:08:40 2026] [::1]:51113 Accepted
[Mon Aug 31 08:08:40 2026] [::1]:55178 Accepted
[Mon Aug 31 08:08:40 2026] [::1]:51113 [200]: GET /assets/css/app.css
[Mon Aug 31 08:08:40 2026] [::1]:55154 Accepted
[Mon Aug 31 08:08:40 2026] [::1]:55178 [200]: GET /uploads/1788174216_bbd5b7738343e54bc028.jpg
[Mon Aug 31 08:08:40 2026] [::1]:55154 [200]: GET /assets/js/app.js
[Mon Aug 31 08:08:40 2026] [::1]:51113 Closing
[Mon Aug 31 08:08:40 2026] [::1]:55178 Closing
[Mon Aug 31 08:08:40 2026] [::1]:55154 Closing
[Mon Aug 31 08:08:40 2026] [::1]:60322 Accepted
[Mon Aug 31 08:08:40 2026] [::1]:60322 Closing
[Mon Aug 31 08:08:42 2026] [::1]:60287 Accepted
[Mon Aug 31 08:08:42 2026] [::1]:60287 Closing
[Mon Aug 31 08:08:42 2026] [::1]:53317 Accepted
[Mon Aug 31 08:08:42 2026] [::1]:53317 Closing
[Mon Aug 31 08:08:42 2026] [::1]:61960 Accepted
[Mon Aug 31 08:08:42 2026] [::1]:50172 Accepted
[Mon Aug 31 08:08:42 2026] [::1]:61960 [200]: GET /assets/css/app.css
[Mon Aug 31 08:08:42 2026] [::1]:50562 Accepted
[Mon Aug 31 08:08:42 2026] [::1]:50172 [200]: GET /uploads/1788174216_bbd5b7738343e54bc028.jpg
[Mon Aug 31 08:08:42 2026] [::1]:50562 [200]: GET /assets/js/app.js
[Mon Aug 31 08:08:42 2026] [::1]:61960 Closing
[Mon Aug 31 08:08:42 2026] [::1]:50172 Closing
[Mon Aug 31 08:08:42 2026] [::1]:50562 Closing
[Mon Aug 31 08:08:42 2026] [::1]:64430 Accepted
[Mon Aug 31 08:08:42 2026] [::1]:64430 Closing
[Mon Aug 31 08:08:44 2026] [::1]:64368 Accepted
[Mon Aug 31 08:08:44 2026] [::1]:49160 Accepted
[Mon Aug 31 08:08:45 2026] [::1]:64368 Closing
[Mon Aug 31 08:08:45 2026] [::1]:49160 Closing
[Mon Aug 31 08:08:45 2026] [::1]:49786 Accepted
[Mon Aug 31 08:08:45 2026] [::1]:64632 Accepted
[Mon Aug 31 08:08:45 2026] [::1]:49786 [200]: GET /assets/css/app.css
[Mon Aug 31 08:08:45 2026] [::1]:49681 Accepted
[Mon Aug 31 08:08:45 2026] [::1]:64632 [200]: GET /uploads/1788174216_bbd5b7738343e54bc028.jpg
[Mon Aug 31 08:08:45 2026] [::1]:49681 [200]: GET /assets/js/app.js
[Mon Aug 31 08:08:45 2026] [::1]:49786 Closing
[Mon Aug 31 08:08:45 2026] [::1]:64632 Closing
[Mon Aug 31 08:08:45 2026] [::1]:49681 Closing
[Mon Aug 31 08:08:45 2026] [::1]:57470 Accepted
[Mon Aug 31 08:08:45 2026] [::1]:57470 Closing
[Mon Aug 31 08:08:46 2026] [::1]:56697 Accepted
[Mon Aug 31 08:08:46 2026] [::1]:56697 Closing
[Mon Aug 31 08:08:46 2026] [::1]:63981 Accepted
[Mon Aug 31 08:08:46 2026] [::1]:55192 Accepted
[Mon Aug 31 08:08:46 2026] [::1]:63981 Closing
[Mon Aug 31 08:08:46 2026] [::1]:53264 Accepted
[Mon Aug 31 08:08:46 2026] [::1]:55192 [200]: GET /assets/css/app.css
[Mon Aug 31 08:08:46 2026] [::1]:53141 Accepted
[Mon Aug 31 08:08:46 2026] [::1]:53264 [200]: GET /assets/js/app.js
[Mon Aug 31 08:08:46 2026] [::1]:53141 [200]: GET /uploads/1788174216_bbd5b7738343e54bc028.jpg
[Mon Aug 31 08:08:46 2026] [::1]:55192 Closing
[Mon Aug 31 08:08:46 2026] [::1]:53264 Closing
[Mon Aug 31 08:08:46 2026] [::1]:53141 Closing
[Mon Aug 31 08:08:47 2026] [::1]:54897 Accepted
[Mon Aug 31 08:08:47 2026] [::1]:54897 Closing
[Mon Aug 31 08:08:51 2026] [::1]:52213 Accepted
[Mon Aug 31 08:08:51 2026] [::1]:52213 Closing
[Mon Aug 31 08:08:51 2026] [::1]:54509 Accepted
[Mon Aug 31 08:08:51 2026] [::1]:54509 Closing
[Mon Aug 31 08:08:51 2026] [::1]:54427 Accepted
[Mon Aug 31 08:08:51 2026] [::1]:62668 Accepted
[Mon Aug 31 08:08:51 2026] [::1]:54427 [200]: GET /assets/css/app.css
[Mon Aug 31 08:08:51 2026] [::1]:52026 Accepted
[Mon Aug 31 08:08:51 2026] [::1]:62668 [200]: GET /uploads/1788174216_bbd5b7738343e54bc028.jpg
[Mon Aug 31 08:08:51 2026] [::1]:52026 [200]: GET /assets/js/app.js
[Mon Aug 31 08:08:51 2026] [::1]:54427 Closing
[Mon Aug 31 08:08:51 2026] [::1]:62668 Closing
[Mon Aug 31 08:08:51 2026] [::1]:52026 Closing
[Mon Aug 31 08:08:51 2026] [::1]:56365 Accepted
[Mon Aug 31 08:08:51 2026] [::1]:56365 Closing
[Mon Aug 31 08:08:54 2026] [::1]:50695 Accepted
[Mon Aug 31 08:08:54 2026] [::1]:50695 Closing
[Mon Aug 31 08:08:54 2026] [::1]:57534 Accepted
[Mon Aug 31 08:08:54 2026] [::1]:57534 Closing
[Mon Aug 31 08:08:54 2026] [::1]:49634 Accepted
[Mon Aug 31 08:08:54 2026] [::1]:63996 Accepted
[Mon Aug 31 08:08:54 2026] [::1]:49634 [200]: GET /assets/css/app.css
[Mon Aug 31 08:08:54 2026] [::1]:62528 Accepted
[Mon Aug 31 08:08:54 2026] [::1]:63996 [200]: GET /uploads/1788174216_bbd5b7738343e54bc028.jpg
[Mon Aug 31 08:08:54 2026] [::1]:62528 [200]: GET /assets/js/app.js
[Mon Aug 31 08:08:54 2026] [::1]:49634 Closing
[Mon Aug 31 08:08:54 2026] [::1]:63996 Closing
[Mon Aug 31 08:08:54 2026] [::1]:62528 Closing
[Mon Aug 31 08:08:54 2026] [::1]:49647 Accepted
[Mon Aug 31 08:08:54 2026] [::1]:49647 Closing
[Mon Aug 31 08:09:04 2026] [::1]:56118 Accepted
[Mon Aug 31 08:09:04 2026] [::1]:56118 Closing
[Mon Aug 31 08:09:04 2026] [::1]:58808 Accepted
[Mon Aug 31 08:09:04 2026] [::1]:58808 Closing
[Mon Aug 31 08:09:04 2026] [::1]:64892 Accepted
[Mon Aug 31 08:09:04 2026] [::1]:50614 Accepted
[Mon Aug 31 08:09:04 2026] [::1]:64892 [200]: GET /assets/css/app.css
[Mon Aug 31 08:09:04 2026] [::1]:54655 Accepted
[Mon Aug 31 08:09:04 2026] [::1]:50614 [200]: GET /uploads/1788174216_bbd5b7738343e54bc028.jpg
[Mon Aug 31 08:09:04 2026] [::1]:54655 [200]: GET /assets/js/app.js
[Mon Aug 31 08:09:04 2026] [::1]:64892 Closing
[Mon Aug 31 08:09:04 2026] [::1]:50614 Closing
[Mon Aug 31 08:09:04 2026] [::1]:54655 Closing
[Mon Aug 31 08:09:04 2026] [::1]:64483 Accepted
[Mon Aug 31 08:09:04 2026] [::1]:64483 Closing
[Mon Aug 31 08:09:13 2026] [::1]:64604 Accepted
[Mon Aug 31 08:09:13 2026] [::1]:57616 Accepted
[Mon Aug 31 08:09:13 2026] [::1]:57616 Closing
[Mon Aug 31 08:09:14 2026] [::1]:64604 Closing
[Mon Aug 31 08:09:14 2026] [::1]:64022 Accepted
[Mon Aug 31 08:09:14 2026] [::1]:64022 Closing
[Mon Aug 31 08:09:14 2026] [::1]:50169 Accepted
[Mon Aug 31 08:09:14 2026] [::1]:60182 Accepted
[Mon Aug 31 08:09:14 2026] [::1]:50169 [200]: GET /assets/css/app.css
[Mon Aug 31 08:09:14 2026] [::1]:62818 Accepted
[Mon Aug 31 08:09:14 2026] [::1]:60182 [200]: GET /uploads/1788174216_bbd5b7738343e54bc028.jpg
[Mon Aug 31 08:09:14 2026] [::1]:62818 [200]: GET /assets/js/app.js
[Mon Aug 31 08:09:14 2026] [::1]:50169 Closing
[Mon Aug 31 08:09:14 2026] [::1]:60182 Closing
[Mon Aug 31 08:09:14 2026] [::1]:62818 Closing
[Mon Aug 31 08:09:14 2026] [::1]:63449 Accepted
[Mon Aug 31 08:09:14 2026] [::1]:63449 Closing
[Mon Aug 31 08:09:15 2026] [::1]:56384 Accepted
[Mon Aug 31 08:09:15 2026] [::1]:56384 Closing
[Mon Aug 31 08:09:15 2026] [::1]:64694 Accepted
[Mon Aug 31 08:09:16 2026] [::1]:57816 Accepted
[Mon Aug 31 08:09:16 2026] [::1]:64694 Closing
[Mon Aug 31 08:09:16 2026] [::1]:57693 Accepted
[Mon Aug 31 08:09:16 2026] [::1]:57816 [200]: GET /assets/css/app.css
[Mon Aug 31 08:09:16 2026] [::1]:51829 Accepted
[Mon Aug 31 08:09:16 2026] [::1]:57693 [200]: GET /uploads/1788174216_bbd5b7738343e54bc028.jpg
[Mon Aug 31 08:09:16 2026] [::1]:51829 [200]: GET /assets/js/app.js
[Mon Aug 31 08:09:16 2026] [::1]:57816 Closing
[Mon Aug 31 08:09:16 2026] [::1]:57693 Closing
[Mon Aug 31 08:09:16 2026] [::1]:51829 Closing
[Mon Aug 31 08:09:16 2026] [::1]:53732 Accepted
[Mon Aug 31 08:09:16 2026] [::1]:53732 Closing
[Mon Aug 31 08:09:18 2026] [::1]:50012 Accepted
[Mon Aug 31 08:09:19 2026] [::1]:50012 Closing
[Mon Aug 31 08:09:19 2026] [::1]:56211 Accepted
[Mon Aug 31 08:09:19 2026] [::1]:56403 Accepted
[Mon Aug 31 08:09:19 2026] [::1]:49466 Accepted
[Mon Aug 31 08:09:19 2026] [::1]:56211 Closing
[Mon Aug 31 08:09:19 2026] [::1]:51512 Accepted
[Mon Aug 31 08:09:19 2026] [::1]:56403 [200]: GET /assets/css/app.css
[Mon Aug 31 08:09:19 2026] [::1]:49466 [200]: GET /uploads/1788174216_bbd5b7738343e54bc028.jpg
[Mon Aug 31 08:09:19 2026] [::1]:51512 [200]: GET /assets/js/app.js
[Mon Aug 31 08:09:19 2026] [::1]:56403 Closing
[Mon Aug 31 08:09:19 2026] [::1]:49466 Closing
[Mon Aug 31 08:09:19 2026] [::1]:51512 Closing
[Mon Aug 31 08:09:19 2026] [::1]:59472 Accepted
[Mon Aug 31 08:09:19 2026] [::1]:59472 Closing
[Mon Aug 31 08:09:35 2026] [::1]:52592 Accepted
[Mon Aug 31 08:09:35 2026] [::1]:58391 Accepted
[Mon Aug 31 08:09:35 2026] [::1]:52592 Closing
[Mon Aug 31 08:09:36 2026] [::1]:58391 Closing
[Mon Aug 31 08:09:36 2026] [::1]:49435 Accepted
[Mon Aug 31 08:09:36 2026] [::1]:49435 Closing
[Mon Aug 31 08:09:36 2026] [::1]:51540 Accepted
[Mon Aug 31 08:09:36 2026] [::1]:56976 Accepted
[Mon Aug 31 08:09:36 2026] [::1]:51540 [200]: GET /assets/css/app.css
[Mon Aug 31 08:09:36 2026] [::1]:62048 Accepted
[Mon Aug 31 08:09:36 2026] [::1]:56976 [200]: GET /uploads/1788174216_bbd5b7738343e54bc028.jpg
[Mon Aug 31 08:09:36 2026] [::1]:62048 [200]: GET /assets/js/app.js
[Mon Aug 31 08:09:36 2026] [::1]:51540 Closing
[Mon Aug 31 08:09:36 2026] [::1]:56976 Closing
[Mon Aug 31 08:09:36 2026] [::1]:62048 Closing
[Mon Aug 31 08:09:36 2026] [::1]:51558 Accepted
[Mon Aug 31 08:09:36 2026] [::1]:51558 Closing
[Mon Aug 31 08:09:38 2026] [::1]:57736 Accepted
[Mon Aug 31 08:09:39 2026] [::1]:57736 Closing
[Mon Aug 31 08:09:39 2026] [::1]:59795 Accepted
[Mon Aug 31 08:09:39 2026] [::1]:59795 Closing
[Mon Aug 31 08:09:39 2026] [::1]:56063 Accepted
[Mon Aug 31 08:09:39 2026] [::1]:62035 Accepted
[Mon Aug 31 08:09:39 2026] [::1]:56063 [200]: GET /assets/css/app.css
[Mon Aug 31 08:09:39 2026] [::1]:54689 Accepted
[Mon Aug 31 08:09:39 2026] [::1]:62035 [200]: GET /uploads/1788174216_bbd5b7738343e54bc028.jpg
[Mon Aug 31 08:09:39 2026] [::1]:54689 [200]: GET /assets/js/app.js
[Mon Aug 31 08:09:39 2026] [::1]:56063 Closing
[Mon Aug 31 08:09:39 2026] [::1]:62035 Closing
[Mon Aug 31 08:09:39 2026] [::1]:54689 Closing
[Mon Aug 31 08:09:39 2026] [::1]:56292 Accepted
[Mon Aug 31 08:09:39 2026] [::1]:56292 Closing
[Mon Aug 31 08:09:41 2026] [::1]:53007 Accepted
[Mon Aug 31 08:09:41 2026] [::1]:52639 Accepted
[Mon Aug 31 08:09:41 2026] [::1]:53007 Closing
[Mon Aug 31 08:09:41 2026] [::1]:52639 Closing
[Mon Aug 31 08:09:41 2026] [::1]:57237 Accepted
[Mon Aug 31 08:09:41 2026] [::1]:62385 Accepted
[Mon Aug 31 08:09:41 2026] [::1]:57237 [200]: GET /assets/css/app.css
[Mon Aug 31 08:09:41 2026] [::1]:65456 Accepted
[Mon Aug 31 08:09:41 2026] [::1]:62385 [200]: GET /uploads/1788174216_bbd5b7738343e54bc028.jpg
[Mon Aug 31 08:09:41 2026] [::1]:65456 [200]: GET /assets/js/app.js
[Mon Aug 31 08:09:41 2026] [::1]:57237 Closing
[Mon Aug 31 08:09:41 2026] [::1]:62385 Closing
[Mon Aug 31 08:09:41 2026] [::1]:65456 Closing
[Mon Aug 31 08:09:41 2026] [::1]:50119 Accepted
[Mon Aug 31 08:09:41 2026] [::1]:50119 Closing
[Mon Aug 31 08:09:47 2026] [::1]:65353 Accepted
[Mon Aug 31 08:09:47 2026] [::1]:64368 Accepted
[Mon Aug 31 08:09:47 2026] [::1]:64368 Closing
[Mon Aug 31 08:09:48 2026] [::1]:65353 Closing
[Mon Aug 31 08:09:48 2026] [::1]:53224 Accepted
[Mon Aug 31 08:09:48 2026] [::1]:49852 Accepted
[Mon Aug 31 08:09:48 2026] [::1]:58545 Accepted
[Mon Aug 31 08:09:48 2026] [::1]:51701 Accepted
[Mon Aug 31 08:09:48 2026] [::1]:53224 [200]: GET /assets/css/app.css
[Mon Aug 31 08:09:48 2026] [::1]:49852 Closing
[Mon Aug 31 08:09:48 2026] [::1]:58545 [200]: GET /uploads/1788174216_bbd5b7738343e54bc028.jpg
[Mon Aug 31 08:09:48 2026] [::1]:51701 [200]: GET /assets/js/app.js
[Mon Aug 31 08:09:48 2026] [::1]:53224 Closing
[Mon Aug 31 08:09:48 2026] [::1]:58545 Closing
[Mon Aug 31 08:09:48 2026] [::1]:51701 Closing
[Mon Aug 31 08:09:48 2026] [::1]:59822 Accepted
[Mon Aug 31 08:09:48 2026] [::1]:59822 Closing
[Mon Aug 31 08:09:49 2026] [::1]:61539 Accepted
[Mon Aug 31 08:09:50 2026] [::1]:61539 Closing
[Mon Aug 31 08:09:50 2026] [::1]:58535 Accepted
[Mon Aug 31 08:09:50 2026] [::1]:58535 Closing
[Mon Aug 31 08:09:50 2026] [::1]:65324 Accepted
[Mon Aug 31 08:09:50 2026] [::1]:56281 Accepted
[Mon Aug 31 08:09:50 2026] [::1]:65324 [200]: GET /assets/css/app.css
[Mon Aug 31 08:09:50 2026] [::1]:49294 Accepted
[Mon Aug 31 08:09:50 2026] [::1]:56281 [200]: GET /uploads/1788174216_bbd5b7738343e54bc028.jpg
[Mon Aug 31 08:09:50 2026] [::1]:49294 [200]: GET /assets/js/app.js
[Mon Aug 31 08:09:50 2026] [::1]:65324 Closing
[Mon Aug 31 08:09:50 2026] [::1]:56281 Closing
[Mon Aug 31 08:09:50 2026] [::1]:49294 Closing
[Mon Aug 31 08:09:50 2026] [::1]:58156 Accepted
[Mon Aug 31 08:09:50 2026] [::1]:58156 Closing
[Mon Aug 31 08:09:51 2026] [::1]:60376 Accepted
[Mon Aug 31 08:09:51 2026] [::1]:60376 Closing
[Mon Aug 31 08:09:51 2026] [::1]:62550 Accepted
[Mon Aug 31 08:09:51 2026] [::1]:62550 Closing
[Mon Aug 31 08:09:51 2026] [::1]:53845 Accepted
[Mon Aug 31 08:09:51 2026] [::1]:61057 Accepted
[Mon Aug 31 08:09:51 2026] [::1]:53845 [200]: GET /assets/css/app.css
[Mon Aug 31 08:09:51 2026] [::1]:52652 Accepted
[Mon Aug 31 08:09:51 2026] [::1]:61057 [200]: GET /uploads/1788174216_bbd5b7738343e54bc028.jpg
[Mon Aug 31 08:09:51 2026] [::1]:52652 [200]: GET /assets/js/app.js
[Mon Aug 31 08:09:51 2026] [::1]:53845 Closing
[Mon Aug 31 08:09:51 2026] [::1]:61057 Closing
[Mon Aug 31 08:09:51 2026] [::1]:52652 Closing
[Mon Aug 31 08:09:51 2026] [::1]:57712 Accepted
[Mon Aug 31 08:09:51 2026] [::1]:57712 Closing
[Mon Aug 31 08:09:54 2026] [::1]:62846 Accepted
[Mon Aug 31 08:09:54 2026] [::1]:57437 Accepted
[Mon Aug 31 08:09:55 2026] [::1]:62846 Closing
[Mon Aug 31 08:09:55 2026] [::1]:57437 Closing
[Mon Aug 31 08:09:55 2026] [::1]:58545 Accepted
[Mon Aug 31 08:09:55 2026] [::1]:56583 Accepted
[Mon Aug 31 08:09:55 2026] [::1]:58545 [200]: GET /assets/css/app.css
[Mon Aug 31 08:09:55 2026] [::1]:61911 Accepted
[Mon Aug 31 08:09:55 2026] [::1]:56583 [200]: GET /uploads/1788174216_bbd5b7738343e54bc028.jpg
[Mon Aug 31 08:09:55 2026] [::1]:61911 [200]: GET /assets/js/app.js
[Mon Aug 31 08:09:55 2026] [::1]:58545 Closing
[Mon Aug 31 08:09:55 2026] [::1]:56583 Closing
[Mon Aug 31 08:09:55 2026] [::1]:61911 Closing
[Mon Aug 31 08:09:55 2026] [::1]:55605 Accepted
[Mon Aug 31 08:09:55 2026] [::1]:55605 Closing
[Mon Aug 31 08:09:57 2026] [::1]:65447 Accepted
[Mon Aug 31 08:09:57 2026] [::1]:65447 Closing
[Mon Aug 31 08:09:57 2026] [::1]:65333 Accepted
[Mon Aug 31 08:09:57 2026] [::1]:65333 Closing
[Mon Aug 31 08:09:57 2026] [::1]:64991 Accepted
[Mon Aug 31 08:09:57 2026] [::1]:52580 Accepted
[Mon Aug 31 08:09:57 2026] [::1]:64991 [200]: GET /assets/css/app.css
[Mon Aug 31 08:09:57 2026] [::1]:60818 Accepted
[Mon Aug 31 08:09:57 2026] [::1]:52580 [200]: GET /uploads/1788174216_bbd5b7738343e54bc028.jpg
[Mon Aug 31 08:09:57 2026] [::1]:60818 [200]: GET /assets/js/app.js
[Mon Aug 31 08:09:57 2026] [::1]:64991 Closing
[Mon Aug 31 08:09:57 2026] [::1]:52580 Closing
[Mon Aug 31 08:09:57 2026] [::1]:60818 Closing
[Mon Aug 31 08:09:57 2026] [::1]:51709 Accepted
[Mon Aug 31 08:09:58 2026] [::1]:51709 Closing
[Mon Aug 31 08:10:02 2026] [::1]:50166 Accepted
[Mon Aug 31 08:10:03 2026] [::1]:50166 Closing
[Mon Aug 31 08:10:03 2026] [::1]:53118 Accepted
[Mon Aug 31 08:10:03 2026] [::1]:53118 Closing
[Mon Aug 31 08:10:03 2026] [::1]:58143 Accepted
[Mon Aug 31 08:10:03 2026] [::1]:64309 Accepted
[Mon Aug 31 08:10:03 2026] [::1]:58143 [200]: GET /assets/css/app.css
[Mon Aug 31 08:10:03 2026] [::1]:54861 Accepted
[Mon Aug 31 08:10:03 2026] [::1]:64309 [200]: GET /uploads/1788174216_bbd5b7738343e54bc028.jpg
[Mon Aug 31 08:10:03 2026] [::1]:54861 [200]: GET /assets/js/app.js
[Mon Aug 31 08:10:03 2026] [::1]:58143 Closing
[Mon Aug 31 08:10:03 2026] [::1]:64309 Closing
[Mon Aug 31 08:10:03 2026] [::1]:54861 Closing
[Mon Aug 31 08:10:03 2026] [::1]:52068 Accepted
[Mon Aug 31 08:10:03 2026] [::1]:52068 Closing
[Mon Aug 31 08:11:28 2026] [::1]:63484 Accepted
[Mon Aug 31 08:11:28 2026] [::1]:59306 Accepted
[Mon Aug 31 08:11:28 2026] [::1]:59306 Closing
[Mon Aug 31 08:11:29 2026] [::1]:63484 Closing
[Mon Aug 31 08:11:29 2026] [::1]:57179 Accepted
[Mon Aug 31 08:11:29 2026] [::1]:57179 Closing
[Mon Aug 31 08:11:29 2026] [::1]:56630 Accepted
[Mon Aug 31 08:11:29 2026] [::1]:62932 Accepted
[Mon Aug 31 08:11:29 2026] [::1]:56630 [200]: GET /assets/css/app.css
[Mon Aug 31 08:11:29 2026] [::1]:54051 Accepted
[Mon Aug 31 08:11:29 2026] [::1]:62932 [200]: GET /uploads/1788174216_bbd5b7738343e54bc028.jpg
[Mon Aug 31 08:11:29 2026] [::1]:54051 [200]: GET /assets/js/app.js
[Mon Aug 31 08:11:29 2026] [::1]:56630 Closing
[Mon Aug 31 08:11:29 2026] [::1]:62932 Closing
[Mon Aug 31 08:11:29 2026] [::1]:54051 Closing
[Mon Aug 31 08:11:29 2026] [::1]:50264 Accepted
[Mon Aug 31 08:11:29 2026] [::1]:50264 Closing
[Mon Aug 31 08:11:31 2026] [::1]:59837 Accepted
[Mon Aug 31 08:11:32 2026] [::1]:59837 Closing
[Mon Aug 31 08:11:32 2026] [::1]:51227 Accepted
[Mon Aug 31 08:11:32 2026] [::1]:51227 Closing
[Mon Aug 31 08:11:32 2026] [::1]:59967 Accepted
[Mon Aug 31 08:11:32 2026] [::1]:58511 Accepted
[Mon Aug 31 08:11:32 2026] [::1]:59967 [200]: GET /assets/css/app.css
[Mon Aug 31 08:11:32 2026] [::1]:61507 Accepted
[Mon Aug 31 08:11:32 2026] [::1]:58511 [200]: GET /uploads/1788174216_bbd5b7738343e54bc028.jpg
[Mon Aug 31 08:11:32 2026] [::1]:61507 [200]: GET /assets/js/app.js
[Mon Aug 31 08:11:32 2026] [::1]:59967 Closing
[Mon Aug 31 08:11:32 2026] [::1]:58511 Closing
[Mon Aug 31 08:11:32 2026] [::1]:61507 Closing
[Mon Aug 31 08:11:32 2026] [::1]:52480 Accepted
[Mon Aug 31 08:11:32 2026] [::1]:52480 Closing
[Mon Aug 31 08:11:41 2026] [::1]:53967 Accepted
[Mon Aug 31 08:11:41 2026] [::1]:53967 Closing
[Mon Aug 31 08:11:41 2026] [::1]:49192 Accepted
[Mon Aug 31 08:11:41 2026] [::1]:49192 Closing
[Mon Aug 31 08:11:41 2026] [::1]:62199 Accepted
[Mon Aug 31 08:11:41 2026] [::1]:64978 Accepted
[Mon Aug 31 08:11:41 2026] [::1]:62199 [200]: GET /assets/js/app.js
[Mon Aug 31 08:11:41 2026] [::1]:63624 Accepted
[Mon Aug 31 08:11:41 2026] [::1]:64978 [200]: GET /uploads/1788174216_bbd5b7738343e54bc028.jpg
[Mon Aug 31 08:11:41 2026] [::1]:63624 [200]: GET /assets/css/app.css
[Mon Aug 31 08:11:41 2026] [::1]:62199 Closing
[Mon Aug 31 08:11:41 2026] [::1]:64978 Closing
[Mon Aug 31 08:11:41 2026] [::1]:63624 Closing
[Mon Aug 31 08:11:41 2026] [::1]:51300 Accepted
[Mon Aug 31 08:11:41 2026] [::1]:51300 Closing
[Mon Aug 31 08:11:42 2026] [::1]:54530 Accepted
[Mon Aug 31 08:11:43 2026] [::1]:54530 Closing
[Mon Aug 31 08:11:43 2026] [::1]:54294 Accepted
[Mon Aug 31 08:11:43 2026] [::1]:54294 Closing
[Mon Aug 31 08:11:43 2026] [::1]:54152 Accepted
[Mon Aug 31 08:11:43 2026] [::1]:49462 Accepted
[Mon Aug 31 08:11:43 2026] [::1]:54152 [200]: GET /assets/css/app.css
[Mon Aug 31 08:11:43 2026] [::1]:55004 Accepted
[Mon Aug 31 08:11:43 2026] [::1]:49462 [200]: GET /uploads/1788174216_bbd5b7738343e54bc028.jpg
[Mon Aug 31 08:11:43 2026] [::1]:55004 [200]: GET /assets/js/app.js
[Mon Aug 31 08:11:43 2026] [::1]:54152 Closing
[Mon Aug 31 08:11:43 2026] [::1]:49462 Closing
[Mon Aug 31 08:11:43 2026] [::1]:55004 Closing
[Mon Aug 31 08:11:43 2026] [::1]:50086 Accepted
[Mon Aug 31 08:11:43 2026] [::1]:50086 Closing
[Mon Aug 31 08:11:46 2026] [::1]:60479 Accepted
[Mon Aug 31 08:11:46 2026] [::1]:52978 Accepted
[Mon Aug 31 08:11:47 2026] [::1]:60479 Closing
[Mon Aug 31 08:11:47 2026] [::1]:52978 Closing
[Mon Aug 31 08:11:47 2026] [::1]:60408 Accepted
[Mon Aug 31 08:11:47 2026] [::1]:61415 Accepted
[Mon Aug 31 08:11:47 2026] [::1]:60408 [200]: GET /assets/css/app.css
[Mon Aug 31 08:11:47 2026] [::1]:59931 Accepted
[Mon Aug 31 08:11:47 2026] [::1]:61415 [200]: GET /uploads/1788174216_bbd5b7738343e54bc028.jpg
[Mon Aug 31 08:11:47 2026] [::1]:59931 [200]: GET /assets/js/app.js
[Mon Aug 31 08:11:47 2026] [::1]:60408 Closing
[Mon Aug 31 08:11:47 2026] [::1]:61415 Closing
[Mon Aug 31 08:11:47 2026] [::1]:59931 Closing
[Mon Aug 31 08:11:47 2026] [::1]:59076 Accepted
[Mon Aug 31 08:11:47 2026] [::1]:59076 Closing
[Mon Aug 31 08:11:48 2026] [::1]:58948 Accepted
[Mon Aug 31 08:11:49 2026] [::1]:58948 Closing
[Mon Aug 31 08:11:49 2026] [::1]:49260 Accepted
[Mon Aug 31 08:11:49 2026] [::1]:49260 Closing
[Mon Aug 31 08:11:49 2026] [::1]:52474 Accepted
[Mon Aug 31 08:11:49 2026] [::1]:53178 Accepted
[Mon Aug 31 08:11:49 2026] [::1]:52474 [200]: GET /assets/css/app.css
[Mon Aug 31 08:11:49 2026] [::1]:64161 Accepted
[Mon Aug 31 08:11:49 2026] [::1]:53178 [200]: GET /uploads/1788174216_bbd5b7738343e54bc028.jpg
[Mon Aug 31 08:11:49 2026] [::1]:64161 [200]: GET /assets/js/app.js
[Mon Aug 31 08:11:49 2026] [::1]:52474 Closing
[Mon Aug 31 08:11:49 2026] [::1]:53178 Closing
[Mon Aug 31 08:11:49 2026] [::1]:64161 Closing
[Mon Aug 31 08:11:49 2026] [::1]:50659 Accepted
[Mon Aug 31 08:11:49 2026] [::1]:50659 Closing
[Mon Aug 31 08:11:49 2026] [::1]:59172 Accepted
[Mon Aug 31 08:11:50 2026] [::1]:59172 Closing
[Mon Aug 31 08:11:50 2026] [::1]:51136 Accepted
[Mon Aug 31 08:11:50 2026] [::1]:51136 Closing
[Mon Aug 31 08:11:50 2026] [::1]:59818 Accepted
[Mon Aug 31 08:11:50 2026] [::1]:49210 Accepted
[Mon Aug 31 08:11:50 2026] [::1]:59818 [200]: GET /assets/css/app.css
[Mon Aug 31 08:11:50 2026] [::1]:58214 Accepted
[Mon Aug 31 08:11:50 2026] [::1]:49210 [200]: GET /uploads/1788174216_bbd5b7738343e54bc028.jpg
[Mon Aug 31 08:11:50 2026] [::1]:58214 [200]: GET /assets/js/app.js
[Mon Aug 31 08:11:50 2026] [::1]:59818 Closing
[Mon Aug 31 08:11:50 2026] [::1]:49210 Closing
[Mon Aug 31 08:11:50 2026] [::1]:58214 Closing
[Mon Aug 31 08:11:50 2026] [::1]:52939 Accepted
[Mon Aug 31 08:11:50 2026] [::1]:52939 Closing
[Mon Aug 31 08:11:54 2026] [::1]:62236 Accepted
[Mon Aug 31 08:11:54 2026] [::1]:62236 Closing
[Mon Aug 31 08:11:54 2026] [::1]:50861 Accepted
[Mon Aug 31 08:11:54 2026] [::1]:50861 Closing
[Mon Aug 31 08:11:54 2026] [::1]:56322 Accepted
[Mon Aug 31 08:11:54 2026] [::1]:56296 Accepted
[Mon Aug 31 08:11:54 2026] [::1]:56322 [200]: GET /assets/css/app.css
[Mon Aug 31 08:11:54 2026] [::1]:59094 Accepted
[Mon Aug 31 08:11:54 2026] [::1]:56296 [200]: GET /uploads/1788174216_bbd5b7738343e54bc028.jpg
[Mon Aug 31 08:11:54 2026] [::1]:59094 [200]: GET /assets/js/app.js
[Mon Aug 31 08:11:54 2026] [::1]:56322 Closing
[Mon Aug 31 08:11:54 2026] [::1]:56296 Closing
[Mon Aug 31 08:11:54 2026] [::1]:59094 Closing
[Mon Aug 31 08:11:54 2026] [::1]:58167 Accepted
[Mon Aug 31 08:11:55 2026] [::1]:58167 Closing
[Mon Aug 31 08:11:58 2026] [::1]:60654 Accepted
[Mon Aug 31 08:11:58 2026] [::1]:60654 Closing
[Mon Aug 31 08:11:58 2026] [::1]:63636 Accepted
[Mon Aug 31 08:11:59 2026] [::1]:59157 Accepted
[Mon Aug 31 08:11:59 2026] [::1]:63636 Closing
[Mon Aug 31 08:11:59 2026] [::1]:61987 Accepted
[Mon Aug 31 08:11:59 2026] [::1]:59157 [200]: GET /assets/css/app.css
[Mon Aug 31 08:11:59 2026] [::1]:61446 Accepted
[Mon Aug 31 08:11:59 2026] [::1]:61987 [200]: GET /uploads/1788174216_bbd5b7738343e54bc028.jpg
[Mon Aug 31 08:11:59 2026] [::1]:61446 [200]: GET /assets/js/app.js
[Mon Aug 31 08:11:59 2026] [::1]:59157 Closing
[Mon Aug 31 08:11:59 2026] [::1]:61987 Closing
[Mon Aug 31 08:11:59 2026] [::1]:61446 Closing
[Mon Aug 31 08:11:59 2026] [::1]:55171 Accepted
[Mon Aug 31 08:11:59 2026] [::1]:55171 Closing
[Mon Aug 31 08:12:13 2026] [::1]:56805 Accepted
[Mon Aug 31 08:12:13 2026] [::1]:55095 Accepted
[Mon Aug 31 08:12:13 2026] [::1]:55095 Closing
[Mon Aug 31 08:12:13 2026] [::1]:56805 Closing
[Mon Aug 31 08:12:13 2026] [::1]:57127 Accepted
[Mon Aug 31 08:12:13 2026] [::1]:57127 Closing
[Mon Aug 31 08:12:13 2026] [::1]:60609 Accepted
[Mon Aug 31 08:12:13 2026] [::1]:61060 Accepted
[Mon Aug 31 08:12:13 2026] [::1]:60609 [200]: GET /assets/css/app.css
[Mon Aug 31 08:12:13 2026] [::1]:53574 Accepted
[Mon Aug 31 08:12:13 2026] [::1]:61060 [200]: GET /uploads/1788174216_bbd5b7738343e54bc028.jpg
[Mon Aug 31 08:12:13 2026] [::1]:53574 [200]: GET /assets/js/app.js
[Mon Aug 31 08:12:13 2026] [::1]:60609 Closing
[Mon Aug 31 08:12:13 2026] [::1]:61060 Closing
[Mon Aug 31 08:12:13 2026] [::1]:53574 Closing
[Mon Aug 31 08:12:13 2026] [::1]:52343 Accepted
[Mon Aug 31 08:12:14 2026] [::1]:52343 Closing
[Mon Aug 31 08:12:20 2026] [::1]:59943 Accepted
[Mon Aug 31 08:12:20 2026] [::1]:59943 Closing
[Mon Aug 31 08:12:20 2026] [::1]:59094 Accepted
[Mon Aug 31 08:12:23 2026] [::1]:59094 Closing
[Mon Aug 31 08:12:23 2026] [::1]:58603 Accepted
[Mon Aug 31 08:12:25 2026] [::1]:58603 Closing
[Mon Aug 31 08:12:25 2026] [::1]:51844 Accepted
[Mon Aug 31 08:12:25 2026] [::1]:51844 Closing
[Mon Aug 31 08:12:25 2026] [::1]:62939 Accepted
[Mon Aug 31 08:12:25 2026] [::1]:59333 Accepted
[Mon Aug 31 08:12:25 2026] [::1]:62939 [200]: GET /assets/css/app.css
[Mon Aug 31 08:12:25 2026] [::1]:51708 Accepted
[Mon Aug 31 08:12:25 2026] [::1]:59333 [200]: GET /uploads/1788174216_bbd5b7738343e54bc028.jpg
[Mon Aug 31 08:12:25 2026] [::1]:51708 [200]: GET /assets/js/app.js
[Mon Aug 31 08:12:25 2026] [::1]:62939 Closing
[Mon Aug 31 08:12:25 2026] [::1]:59333 Closing
[Mon Aug 31 08:12:25 2026] [::1]:51708 Closing
[Mon Aug 31 08:12:25 2026] [::1]:57353 Accepted
[Mon Aug 31 08:12:25 2026] [::1]:57353 Closing
[Mon Aug 31 08:12:29 2026] [::1]:57269 Accepted
[Mon Aug 31 08:12:29 2026] [::1]:63620 Accepted
[Mon Aug 31 08:12:29 2026] [::1]:57269 Closing
[Mon Aug 31 08:12:30 2026] [::1]:63620 Closing
[Mon Aug 31 08:12:30 2026] [::1]:51759 Accepted
[Mon Aug 31 08:12:30 2026] [::1]:51141 Accepted
[Mon Aug 31 08:12:30 2026] [::1]:51759 [200]: GET /assets/css/app.css
[Mon Aug 31 08:12:30 2026] [::1]:55272 Accepted
[Mon Aug 31 08:12:30 2026] [::1]:51141 [200]: GET /uploads/1788174216_bbd5b7738343e54bc028.jpg
[Mon Aug 31 08:12:30 2026] [::1]:55272 [200]: GET /assets/js/app.js
[Mon Aug 31 08:12:30 2026] [::1]:51759 Closing
[Mon Aug 31 08:12:30 2026] [::1]:51141 Closing
[Mon Aug 31 08:12:30 2026] [::1]:55272 Closing
[Mon Aug 31 08:12:30 2026] [::1]:59739 Accepted
[Mon Aug 31 08:12:30 2026] [::1]:59739 Closing
[Mon Aug 31 08:12:39 2026] [::1]:51650 Accepted
[Mon Aug 31 08:12:39 2026] [::1]:55422 Accepted
[Mon Aug 31 08:12:40 2026] [::1]:51650 Closing
[Mon Aug 31 08:12:40 2026] [::1]:55422 Closing
[Mon Aug 31 08:12:40 2026] [::1]:52139 Accepted
[Mon Aug 31 08:12:40 2026] [::1]:52139 Closing
[Mon Aug 31 08:12:40 2026] [::1]:61586 Accepted
[Mon Aug 31 08:12:40 2026] [::1]:57641 Accepted
[Mon Aug 31 08:12:40 2026] [::1]:61586 [200]: GET /assets/css/app.css
[Mon Aug 31 08:12:40 2026] [::1]:62729 Accepted
[Mon Aug 31 08:12:40 2026] [::1]:57641 [200]: GET /uploads/1788174216_bbd5b7738343e54bc028.jpg
[Mon Aug 31 08:12:40 2026] [::1]:62729 [200]: GET /assets/js/app.js
[Mon Aug 31 08:12:40 2026] [::1]:61586 Closing
[Mon Aug 31 08:12:40 2026] [::1]:57641 Closing
[Mon Aug 31 08:12:40 2026] [::1]:62729 Closing
[Mon Aug 31 08:12:40 2026] [::1]:62681 Accepted
[Mon Aug 31 08:12:40 2026] [::1]:62681 Closing
[Mon Aug 31 08:12:42 2026] [::1]:63835 Accepted
[Mon Aug 31 08:12:42 2026] [::1]:50292 Accepted
[Mon Aug 31 08:12:42 2026] [::1]:63835 Closing
[Mon Aug 31 08:12:42 2026] [::1]:50292 Closing
[Mon Aug 31 08:12:42 2026] [::1]:49242 Accepted
[Mon Aug 31 08:12:43 2026] [::1]:49242 Closing
[Mon Aug 31 08:12:43 2026] [::1]:65376 Accepted
[Mon Aug 31 08:12:43 2026] [::1]:53279 Accepted
[Mon Aug 31 08:12:43 2026] [::1]:65376 [200]: GET /assets/css/app.css
[Mon Aug 31 08:12:43 2026] [::1]:61950 Accepted
[Mon Aug 31 08:12:43 2026] [::1]:53279 [200]: GET /uploads/1788174216_bbd5b7738343e54bc028.jpg
[Mon Aug 31 08:12:43 2026] [::1]:61950 [200]: GET /assets/js/app.js
[Mon Aug 31 08:12:43 2026] [::1]:65376 Closing
[Mon Aug 31 08:12:43 2026] [::1]:53279 Closing
[Mon Aug 31 08:12:43 2026] [::1]:61950 Closing
[Mon Aug 31 08:12:43 2026] [::1]:59892 Accepted
[Mon Aug 31 08:12:43 2026] [::1]:59892 Closing
[Mon Aug 31 08:12:45 2026] [::1]:50337 Accepted
[Mon Aug 31 08:12:45 2026] [::1]:59919 Accepted
[Mon Aug 31 08:12:45 2026] [::1]:50337 Closing
[Mon Aug 31 08:12:45 2026] [::1]:59919 Closing
[Mon Aug 31 08:12:45 2026] [::1]:55543 Accepted
[Mon Aug 31 08:12:45 2026] [::1]:55543 Closing
[Mon Aug 31 08:12:45 2026] [::1]:56001 Accepted
[Mon Aug 31 08:12:45 2026] [::1]:49345 Accepted
[Mon Aug 31 08:12:45 2026] [::1]:56001 [200]: GET /assets/css/app.css
[Mon Aug 31 08:12:45 2026] [::1]:57164 Accepted
[Mon Aug 31 08:12:45 2026] [::1]:49345 [200]: GET /uploads/1788174216_bbd5b7738343e54bc028.jpg
[Mon Aug 31 08:12:45 2026] [::1]:57164 [200]: GET /assets/js/app.js
[Mon Aug 31 08:12:45 2026] [::1]:56001 Closing
[Mon Aug 31 08:12:45 2026] [::1]:49345 Closing
[Mon Aug 31 08:12:45 2026] [::1]:57164 Closing
[Mon Aug 31 08:12:45 2026] [::1]:55737 Accepted
[Mon Aug 31 08:12:46 2026] [::1]:55737 Closing
[Mon Aug 31 08:12:48 2026] [::1]:61157 Accepted
[Mon Aug 31 08:12:48 2026] [::1]:61157 Closing
[Mon Aug 31 08:12:48 2026] [::1]:55965 Accepted
[Mon Aug 31 08:12:48 2026] [::1]:55965 Closing
[Mon Aug 31 08:12:48 2026] [::1]:51883 Accepted
[Mon Aug 31 08:12:48 2026] [::1]:60064 Accepted
[Mon Aug 31 08:12:48 2026] [::1]:51883 [200]: GET /assets/css/app.css
[Mon Aug 31 08:12:48 2026] [::1]:52260 Accepted
[Mon Aug 31 08:12:48 2026] [::1]:60064 [200]: GET /uploads/1788174216_bbd5b7738343e54bc028.jpg
[Mon Aug 31 08:12:48 2026] [::1]:52260 [200]: GET /assets/js/app.js
[Mon Aug 31 08:12:48 2026] [::1]:51883 Closing
[Mon Aug 31 08:12:48 2026] [::1]:60064 Closing
[Mon Aug 31 08:12:48 2026] [::1]:52260 Closing
[Mon Aug 31 08:12:48 2026] [::1]:51498 Accepted
[Mon Aug 31 08:12:49 2026] [::1]:51498 Closing
[Mon Aug 31 08:12:52 2026] [::1]:57194 Accepted
[Mon Aug 31 08:12:52 2026] [::1]:59870 Accepted
[Mon Aug 31 08:12:52 2026] [::1]:57194 Closing
[Mon Aug 31 08:12:53 2026] [::1]:59870 Closing
[Mon Aug 31 08:12:53 2026] [::1]:53765 Accepted
[Mon Aug 31 08:12:53 2026] [::1]:50962 Accepted
[Mon Aug 31 08:12:53 2026] [::1]:53765 [200]: GET /assets/css/app.css
[Mon Aug 31 08:12:53 2026] [::1]:64119 Accepted
[Mon Aug 31 08:12:53 2026] [::1]:50962 [200]: GET /uploads/1788174216_bbd5b7738343e54bc028.jpg
[Mon Aug 31 08:12:53 2026] [::1]:64119 [200]: GET /assets/js/app.js
[Mon Aug 31 08:12:53 2026] [::1]:53765 Closing
[Mon Aug 31 08:12:53 2026] [::1]:50962 Closing
[Mon Aug 31 08:12:53 2026] [::1]:64119 Closing
[Mon Aug 31 08:12:53 2026] [::1]:59842 Accepted
[Mon Aug 31 08:12:53 2026] [::1]:59842 Closing
[Mon Aug 31 08:12:56 2026] [::1]:58088 Accepted
[Mon Aug 31 08:12:56 2026] [::1]:58088 Closing
[Mon Aug 31 08:12:56 2026] [::1]:62055 Accepted
[Mon Aug 31 08:12:56 2026] [::1]:62055 Closing
[Mon Aug 31 08:12:56 2026] [::1]:60476 Accepted
[Mon Aug 31 08:12:56 2026] [::1]:56088 Accepted
[Mon Aug 31 08:12:56 2026] [::1]:60476 [200]: GET /assets/css/app.css
[Mon Aug 31 08:12:56 2026] [::1]:63605 Accepted
[Mon Aug 31 08:12:56 2026] [::1]:56088 [200]: GET /uploads/1788174216_bbd5b7738343e54bc028.jpg
[Mon Aug 31 08:12:56 2026] [::1]:63605 [200]: GET /assets/js/app.js
[Mon Aug 31 08:12:56 2026] [::1]:60476 Closing
[Mon Aug 31 08:12:56 2026] [::1]:56088 Closing
[Mon Aug 31 08:12:56 2026] [::1]:63605 Closing
[Mon Aug 31 08:12:57 2026] [::1]:61548 Accepted
[Mon Aug 31 08:12:57 2026] [::1]:61548 Closing
[Mon Aug 31 08:12:58 2026] [::1]:58572 Accepted
[Mon Aug 31 08:12:59 2026] [::1]:51492 Accepted
[Mon Aug 31 08:12:59 2026] [::1]:58572 Closing
[Mon Aug 31 08:12:59 2026] [::1]:51492 Closing
[Mon Aug 31 08:12:59 2026] [::1]:51546 Accepted
[Mon Aug 31 08:12:59 2026] [::1]:65137 Accepted
[Mon Aug 31 08:12:59 2026] [::1]:51546 [200]: GET /assets/css/app.css
[Mon Aug 31 08:12:59 2026] [::1]:51887 Accepted
[Mon Aug 31 08:12:59 2026] [::1]:65137 [200]: GET /uploads/1788174216_bbd5b7738343e54bc028.jpg
[Mon Aug 31 08:12:59 2026] [::1]:51887 [200]: GET /assets/js/app.js
[Mon Aug 31 08:12:59 2026] [::1]:51546 Closing
[Mon Aug 31 08:12:59 2026] [::1]:65137 Closing
[Mon Aug 31 08:12:59 2026] [::1]:51887 Closing
[Mon Aug 31 08:12:59 2026] [::1]:49977 Accepted
[Mon Aug 31 08:12:59 2026] [::1]:49977 Closing
[Mon Aug 31 08:13:08 2026] [::1]:62713 Accepted
[Mon Aug 31 08:13:08 2026] [::1]:62173 Accepted
[Mon Aug 31 08:13:08 2026] [::1]:62713 Closing
[Mon Aug 31 08:13:08 2026] [::1]:62173 Closing
[Mon Aug 31 08:13:08 2026] [::1]:61862 Accepted
[Mon Aug 31 08:13:08 2026] [::1]:49331 Accepted
[Mon Aug 31 08:13:08 2026] [::1]:61862 [200]: GET /assets/css/app.css
[Mon Aug 31 08:13:08 2026] [::1]:65010 Accepted
[Mon Aug 31 08:13:08 2026] [::1]:49331 [200]: GET /uploads/1788174216_bbd5b7738343e54bc028.jpg
[Mon Aug 31 08:13:08 2026] [::1]:65010 [200]: GET /assets/js/app.js
[Mon Aug 31 08:13:08 2026] [::1]:61862 Closing
[Mon Aug 31 08:13:08 2026] [::1]:49331 Closing
[Mon Aug 31 08:13:08 2026] [::1]:65010 Closing
[Mon Aug 31 08:13:09 2026] [::1]:56570 Accepted
[Mon Aug 31 08:13:09 2026] [::1]:56570 Closing
[Mon Aug 31 08:13:19 2026] [::1]:62688 Accepted
[Mon Aug 31 08:13:19 2026] [::1]:62688 Closing
[Mon Aug 31 08:13:19 2026] [::1]:57480 Accepted
[Mon Aug 31 08:13:19 2026] [::1]:57480 Closing
[Mon Aug 31 08:13:19 2026] [::1]:49813 Accepted
[Mon Aug 31 08:13:19 2026] [::1]:57078 Accepted
[Mon Aug 31 08:13:19 2026] [::1]:49813 [200]: GET /assets/css/app.css
[Mon Aug 31 08:13:19 2026] [::1]:58744 Accepted
[Mon Aug 31 08:13:19 2026] [::1]:57078 [200]: GET /uploads/1788174216_bbd5b7738343e54bc028.jpg
[Mon Aug 31 08:13:19 2026] [::1]:58744 [200]: GET /assets/js/app.js
[Mon Aug 31 08:13:19 2026] [::1]:49813 Closing
[Mon Aug 31 08:13:19 2026] [::1]:57078 Closing
[Mon Aug 31 08:13:19 2026] [::1]:58744 Closing
[Mon Aug 31 08:13:19 2026] [::1]:62511 Accepted
[Mon Aug 31 08:13:20 2026] [::1]:62511 Closing
[Mon Aug 31 08:14:37 2026] [::1]:61350 Accepted
[Mon Aug 31 08:14:37 2026] [::1]:52198 Accepted
[Mon Aug 31 08:14:38 2026] [::1]:61350 Closing
[Mon Aug 31 08:14:38 2026] [::1]:52198 Closing
[Mon Aug 31 08:14:38 2026] [::1]:54405 Accepted
[Mon Aug 31 08:14:38 2026] [::1]:52015 Accepted
[Mon Aug 31 08:14:38 2026] [::1]:54405 [200]: GET /assets/css/app.css
[Mon Aug 31 08:14:38 2026] [::1]:54061 Accepted
[Mon Aug 31 08:14:38 2026] [::1]:52015 [200]: GET /uploads/1788174216_bbd5b7738343e54bc028.jpg
[Mon Aug 31 08:14:38 2026] [::1]:54061 [200]: GET /assets/js/app.js
[Mon Aug 31 08:14:38 2026] [::1]:54405 Closing
[Mon Aug 31 08:14:38 2026] [::1]:52015 Closing
[Mon Aug 31 08:14:38 2026] [::1]:54061 Closing
[Mon Aug 31 08:14:38 2026] [::1]:50231 Accepted
[Mon Aug 31 08:14:38 2026] [::1]:50231 Closing
[Mon Aug 31 08:14:46 2026] [::1]:59802 Accepted
[Mon Aug 31 08:14:46 2026] [::1]:63046 Accepted
[Mon Aug 31 08:14:47 2026] [::1]:59802 Closing
[Mon Aug 31 08:14:47 2026] [::1]:63046 Closing
[Mon Aug 31 08:14:47 2026] [::1]:65140 Accepted
[Mon Aug 31 08:14:47 2026] [::1]:65140 Closing
[Mon Aug 31 08:14:47 2026] [::1]:60265 Accepted
[Mon Aug 31 08:14:47 2026] [::1]:60265 Closing
[Mon Aug 31 08:15:17 2026] [::1]:51325 Accepted
[Mon Aug 31 08:15:17 2026] [::1]:51325 Closing
[Mon Aug 31 08:15:17 2026] [::1]:49879 Accepted
[Mon Aug 31 08:15:17 2026] [::1]:49879 Closing
[Mon Aug 31 08:15:17 2026] [::1]:59257 Accepted
[Mon Aug 31 08:15:18 2026] [::1]:59257 Closing
[Mon Aug 31 08:15:42 2026] [::1]:50572 Accepted
[Mon Aug 31 08:15:42 2026] [::1]:60551 Accepted
[Mon Aug 31 08:15:42 2026] [::1]:60551 Closing
[Mon Aug 31 08:15:43 2026] [::1]:50572 Closing
[Mon Aug 31 08:15:43 2026] [::1]:54558 Accepted
[Mon Aug 31 08:15:43 2026] [::1]:62869 Accepted
[Mon Aug 31 08:15:43 2026] [::1]:55289 Accepted
[Mon Aug 31 08:15:43 2026] [::1]:54558 [200]: GET /assets/css/app.css
[Mon Aug 31 08:15:43 2026] [::1]:62869 Closing
[Mon Aug 31 08:15:43 2026] [::1]:55289 [200]: GET /uploads/1788174216_bbd5b7738343e54bc028.jpg
[Mon Aug 31 08:15:43 2026] [::1]:55075 Accepted
[Mon Aug 31 08:15:43 2026] [::1]:55075 [200]: GET /assets/js/app.js
[Mon Aug 31 08:15:43 2026] [::1]:54558 Closing
[Mon Aug 31 08:15:43 2026] [::1]:55289 Closing
[Mon Aug 31 08:15:43 2026] [::1]:55075 Closing
[Mon Aug 31 08:15:43 2026] [::1]:58968 Accepted
[Mon Aug 31 08:15:43 2026] [::1]:58968 Closing
[Mon Aug 31 08:15:51 2026] [::1]:56851 Accepted
[Mon Aug 31 08:15:52 2026] [::1]:56851 Closing
[Mon Aug 31 08:15:52 2026] [::1]:56870 Accepted
[Mon Aug 31 08:15:52 2026] [::1]:56870 Closing
[Mon Aug 31 08:15:52 2026] [::1]:65171 Accepted
[Mon Aug 31 08:15:52 2026] [::1]:65171 Closing
[Mon Aug 31 08:15:52 2026] [::1]:62665 Accepted
[Mon Aug 31 08:15:52 2026] [::1]:62665 Closing
[Mon Aug 31 08:21:01 2026] [::1]:53979 Accepted
[Mon Aug 31 08:21:01 2026] [::1]:58536 Accepted
[Mon Aug 31 08:21:01 2026] [::1]:58536 Closing
[Mon Aug 31 08:21:01 2026] [::1]:53979 Closing
[Mon Aug 31 08:21:01 2026] [::1]:56271 Accepted
[Mon Aug 31 08:21:02 2026] [::1]:56271 Closing
[Mon Aug 31 08:21:02 2026] [::1]:54422 Accepted
[Mon Aug 31 08:21:02 2026] [::1]:57710 Accepted
[Mon Aug 31 08:21:02 2026] [::1]:54422 [200]: GET /assets/css/app.css
[Mon Aug 31 08:21:02 2026] [::1]:63783 Accepted
[Mon Aug 31 08:21:02 2026] [::1]:57710 [200]: GET /uploads/1788174216_bbd5b7738343e54bc028.jpg
[Mon Aug 31 08:21:02 2026] [::1]:63783 [200]: GET /assets/js/app.js
[Mon Aug 31 08:21:02 2026] [::1]:54422 Closing
[Mon Aug 31 08:21:02 2026] [::1]:57710 Closing
[Mon Aug 31 08:21:02 2026] [::1]:63783 Closing
[Mon Aug 31 08:21:02 2026] [::1]:58138 Accepted
[Mon Aug 31 08:21:02 2026] [::1]:58138 Closing
[Mon Aug 31 08:21:04 2026] [::1]:60447 Accepted
[Mon Aug 31 08:21:04 2026] [::1]:60447 Closing
[Mon Aug 31 08:21:04 2026] [::1]:59389 Accepted
[Mon Aug 31 08:21:34 2026] [::1]:59389 Closing
[Mon Aug 31 08:21:34 2026] [::1]:65082 Accepted
[Mon Aug 31 08:26:49 2026] [::1]:65082 Closed without sending a request; it was probably just an unused speculative preconnection
[Mon Aug 31 08:26:49 2026] [::1]:65082 Closing
[Mon Aug 31 08:28:51 2026] [::1]:49760 Accepted
[Mon Aug 31 08:28:51 2026] [::1]:58240 Accepted
[Mon Aug 31 08:28:51 2026] [::1]:49760 Closing
[Mon Aug 31 08:28:51 2026] [::1]:58240 Closing
[Mon Aug 31 08:28:51 2026] [::1]:49573 Accepted
[Mon Aug 31 08:28:51 2026] [::1]:49573 Closing
[Mon Aug 31 08:28:52 2026] [::1]:55067 Accepted
[Mon Aug 31 08:28:52 2026] [::1]:55067 [200]: GET /favicon.ico
[Mon Aug 31 08:28:52 2026] [::1]:55067 Closing
[Mon Aug 31 08:29:03 2026] [::1]:64879 Accepted
[Mon Aug 31 08:29:03 2026] [::1]:63068 Accepted
[Mon Aug 31 08:29:03 2026] [::1]:64879 Closing
[Mon Aug 31 08:29:04 2026] [::1]:63068 Closing
[Mon Aug 31 08:29:04 2026] [::1]:54025 Accepted
[Mon Aug 31 08:29:04 2026] [::1]:54025 Closing
[Mon Aug 31 08:29:04 2026] [::1]:52814 Accepted
[Mon Aug 31 08:29:04 2026] [::1]:52814 Closing
[Mon Aug 31 08:46:09 2026] [::1]:55354 Accepted
[Mon Aug 31 08:46:09 2026] [::1]:55354 Closing
[Mon Aug 31 08:46:10 2026] [::1]:55358 Accepted
[Mon Aug 31 08:46:10 2026] [::1]:55358 Closing
[Mon Aug 31 08:46:10 2026] [::1]:55362 Accepted
[Mon Aug 31 08:46:10 2026] [::1]:55362 Closing
[Mon Aug 31 08:46:10 2026] [::1]:55366 Accepted
[Mon Aug 31 08:46:11 2026] [::1]:55366 Closing
[Mon Aug 31 08:46:56 2026] [::1]:55492 Accepted
[Mon Aug 31 08:46:56 2026] [::1]:55492 Closing
[Mon Aug 31 08:46:56 2026] [::1]:55494 Accepted
[Mon Aug 31 08:46:56 2026] [::1]:55494 Closing
[Mon Aug 31 08:53:59 2026] [::1]:53855 Accepted
[Mon Aug 31 08:53:59 2026] [::1]:53855 Closing
[Mon Aug 31 08:53:59 2026] [::1]:53857 Accepted
[Mon Aug 31 08:53:59 2026] [::1]:53857 Closing
[Mon Aug 31 08:53:59 2026] [::1]:53859 Accepted
[Mon Aug 31 08:53:59 2026] [::1]:53859 Closing
[Mon Aug 31 08:53:59 2026] [::1]:53861 Accepted
[Mon Aug 31 08:53:59 2026] [::1]:53861 Closing
[Mon Aug 31 08:55:48 2026] [::1]:55611 Accepted
[Mon Aug 31 08:55:48 2026] [::1]:55611 Closed without sending a request; it was probably just an unused speculative preconnection
[Mon Aug 31 08:55:48 2026] [::1]:55611 Closing
[Mon Aug 31 08:57:14 2026] [::1]:54212 Accepted
[Mon Aug 31 08:57:14 2026] [::1]:54212 Closing
[Mon Aug 31 08:57:14 2026] [::1]:60018 Accepted
[Mon Aug 31 08:57:14 2026] [::1]:60018 Closing
[Mon Aug 31 09:00:36 2026] [::1]:55362 Accepted
[Mon Aug 31 09:00:36 2026] [::1]:55362 Closing
[Mon Aug 31 09:00:36 2026] [::1]:61631 Accepted
[Mon Aug 31 09:00:37 2026] [::1]:61631 Closing
[Mon Aug 31 09:00:37 2026] [::1]:65017 Accepted
[Mon Aug 31 09:00:37 2026] [::1]:65017 Closing
[Mon Aug 31 09:01:15 2026] [::1]:61171 Accepted
[Mon Aug 31 09:01:16 2026] [::1]:61171 Closing
[Mon Aug 31 09:01:16 2026] [::1]:54786 Accepted
[Mon Aug 31 09:01:16 2026] [::1]:54786 Closing
[Mon Aug 31 09:01:16 2026] [::1]:59248 Accepted
[Mon Aug 31 09:01:16 2026] [::1]:59248 Closing
[Mon Aug 31 09:01:24 2026] [::1]:65191 Accepted
[Mon Aug 31 09:01:24 2026] [::1]:65191 Closing
[Mon Aug 31 09:01:24 2026] [::1]:49193 Accepted
[Mon Aug 31 09:01:25 2026] [::1]:49193 Closing
[Mon Aug 31 09:01:25 2026] [::1]:60029 Accepted
[Mon Aug 31 09:01:25 2026] [::1]:60029 Closing
[Mon Aug 31 09:04:08 2026] [::1]:61496 Accepted
[Mon Aug 31 09:04:08 2026] [::1]:61496 Closed without sending a request; it was probably just an unused speculative preconnection
[Mon Aug 31 09:04:08 2026] [::1]:61496 Closing
[Mon Aug 31 09:04:08 2026] [::1]:57421 Accepted
[Mon Aug 31 09:04:08 2026] [::1]:57421 Closing
[Mon Aug 31 09:04:09 2026] [::1]:58082 Accepted
[Mon Aug 31 09:04:09 2026] [::1]:58082 Closing
[Mon Aug 31 09:08:42 2026] [::1]:54689 Accepted
[Mon Aug 31 09:08:42 2026] [::1]:54689 Closing
[Mon Aug 31 09:08:42 2026] [::1]:56301 Accepted
[Mon Aug 31 09:08:42 2026] [::1]:56301 Closing
[Mon Aug 31 09:08:42 2026] [::1]:50351 Accepted
[Mon Aug 31 09:08:43 2026] [::1]:50351 Closing
[Mon Aug 31 09:08:43 2026] [::1]:62085 Accepted
[Mon Aug 31 09:08:43 2026] [::1]:62085 Closing
[Mon Aug 31 09:08:43 2026] [::1]:62246 Accepted
[Mon Aug 31 09:08:43 2026] [::1]:62246 Closing
[Mon Aug 31 09:08:43 2026] [::1]:59107 Accepted
[Mon Aug 31 09:08:43 2026] [::1]:59107 Closing
[Mon Aug 31 09:08:45 2026] [::1]:60183 Accepted
[Mon Aug 31 09:08:45 2026] [::1]:60183 Closing
[Mon Aug 31 09:08:45 2026] [::1]:55594 Accepted
[Mon Aug 31 09:08:45 2026] [::1]:55594 Closing
[Mon Aug 31 09:08:45 2026] [::1]:57448 Accepted
[Mon Aug 31 09:08:45 2026] [::1]:57448 Closing
[Mon Aug 31 09:08:45 2026] [::1]:61149 Accepted
[Mon Aug 31 09:08:45 2026] [::1]:61149 Closing
[Mon Aug 31 09:09:33 2026] [::1]:58394 Accepted
[Mon Aug 31 09:09:33 2026] [::1]:58394 Closing
[Mon Aug 31 09:09:33 2026] [::1]:63189 Accepted
[Mon Aug 31 09:09:34 2026] [::1]:63189 Closing
[Mon Aug 31 09:09:34 2026] [::1]:59328 Accepted
[Mon Aug 31 09:09:34 2026] [::1]:59328 Closing
[Mon Aug 31 09:09:34 2026] [::1]:62543 Accepted
[Mon Aug 31 09:09:34 2026] [::1]:62543 Closing
[Mon Aug 31 09:09:34 2026] [::1]:53991 Accepted
[Mon Aug 31 09:09:34 2026] [::1]:53991 Closing
[Mon Aug 31 09:09:34 2026] [::1]:53204 Accepted
[Mon Aug 31 09:09:34 2026] [::1]:53204 Closing
[Mon Aug 31 09:09:36 2026] [::1]:58498 Accepted
[Mon Aug 31 09:09:36 2026] [::1]:58498 Closing
[Mon Aug 31 09:09:36 2026] [::1]:57384 Accepted
[Mon Aug 31 09:09:36 2026] [::1]:57384 Closing
[Mon Aug 31 09:09:36 2026] [::1]:54370 Accepted
[Mon Aug 31 09:09:36 2026] [::1]:54370 Closing
[Mon Aug 31 09:09:36 2026] [::1]:63343 Accepted
[Mon Aug 31 09:09:36 2026] [::1]:63343 Closing
[Mon Aug 31 09:09:39 2026] [::1]:55159 Accepted
[Mon Aug 31 09:09:39 2026] [::1]:55159 Closing
[Mon Aug 31 09:09:39 2026] [::1]:64641 Accepted
[Mon Aug 31 09:09:40 2026] [::1]:64641 Closing
[Mon Aug 31 09:09:40 2026] [::1]:60936 Accepted
[Mon Aug 31 09:09:40 2026] [::1]:60936 Closing
[Mon Aug 31 09:09:40 2026] [::1]:56077 Accepted
[Mon Aug 31 09:09:40 2026] [::1]:56077 Closing
[Mon Aug 31 09:10:09 2026] [::1]:56275 Accepted
[Mon Aug 31 09:10:09 2026] [::1]:56275 Closing
[Mon Aug 31 09:10:09 2026] [::1]:56277 Accepted
[Mon Aug 31 09:10:10 2026] [::1]:56277 Closing
[Mon Aug 31 09:10:10 2026] [::1]:51910 Accepted
[Mon Aug 31 09:10:10 2026] [::1]:51910 Closing
[Mon Aug 31 09:10:10 2026] [::1]:51912 Accepted
[Mon Aug 31 09:10:10 2026] [::1]:51912 Closing
[Mon Aug 31 09:11:02 2026] [::1]:57694 Accepted
[Mon Aug 31 09:11:02 2026] [::1]:57694 Closing
[Mon Aug 31 09:11:02 2026] [::1]:57859 Accepted
[Mon Aug 31 09:11:02 2026] [::1]:57859 Closing
[Mon Aug 31 09:11:02 2026] [::1]:64906 Accepted
[Mon Aug 31 09:11:03 2026] [::1]:64906 Closing
[Mon Aug 31 09:11:03 2026] [::1]:49170 Accepted
[Mon Aug 31 09:11:03 2026] [::1]:49170 Closing
[Mon Aug 31 09:11:03 2026] [::1]:56978 Accepted
[Mon Aug 31 09:11:03 2026] [::1]:56978 Closing
[Mon Aug 31 09:11:03 2026] [::1]:63928 Accepted
[Mon Aug 31 09:11:03 2026] [::1]:63928 Closing
[Mon Aug 31 09:11:05 2026] [::1]:51946 Accepted
[Mon Aug 31 09:11:06 2026] [::1]:51946 Closing
[Mon Aug 31 09:11:06 2026] [::1]:49523 Accepted
[Mon Aug 31 09:11:06 2026] [::1]:49523 Closing
[Mon Aug 31 09:11:06 2026] [::1]:51027 Accepted
[Mon Aug 31 09:11:06 2026] [::1]:51027 Closing
[Mon Aug 31 09:11:06 2026] [::1]:57780 Accepted
[Mon Aug 31 09:11:06 2026] [::1]:57780 Closing
[Mon Aug 31 09:11:09 2026] [::1]:57816 Accepted
[Mon Aug 31 09:11:09 2026] [::1]:57816 Closing
[Mon Aug 31 09:11:09 2026] [::1]:50248 Accepted
[Mon Aug 31 09:11:09 2026] [::1]:50248 Closing
[Mon Aug 31 09:11:09 2026] [::1]:65474 Accepted
[Mon Aug 31 09:11:09 2026] [::1]:65474 Closing
[Mon Aug 31 09:11:09 2026] [::1]:63725 Accepted
[Mon Aug 31 09:11:09 2026] [::1]:63725 Closing
[Mon Aug 31 09:13:27 2026] [::1]:58722 Accepted
[Mon Aug 31 09:13:27 2026] [::1]:58722 Closing
[Mon Aug 31 09:13:44 2026] [::1]:65374 Accepted
[Mon Aug 31 09:13:44 2026] [::1]:65374 Closing
[Mon Aug 31 09:13:44 2026] [::1]:65376 Accepted
[Mon Aug 31 09:13:44 2026] [::1]:65376 Closing
[Mon Aug 31 09:13:44 2026] [::1]:65378 Accepted
[Mon Aug 31 09:13:44 2026] [::1]:65378 Closing
[Mon Aug 31 09:13:44 2026] [::1]:65380 Accepted
[Mon Aug 31 09:13:45 2026] [::1]:65380 Closing
[Mon Aug 31 09:13:45 2026] [::1]:65382 Accepted
[Mon Aug 31 09:13:45 2026] [::1]:65382 Closing
[Mon Aug 31 09:13:54 2026] [::1]:65407 Accepted
[Mon Aug 31 09:13:54 2026] [::1]:65407 Closing
[Mon Aug 31 09:13:54 2026] [::1]:65409 Accepted
[Mon Aug 31 09:13:54 2026] [::1]:65409 Closing
[Mon Aug 31 09:13:54 2026] [::1]:65410 Accepted
[Mon Aug 31 09:13:54 2026] [::1]:65410 Closing
[Mon Aug 31 09:13:54 2026] [::1]:65412 Accepted
[Mon Aug 31 09:13:54 2026] [::1]:65412 Closing
[Mon Aug 31 09:13:54 2026] [::1]:65414 Accepted
[Mon Aug 31 09:13:55 2026] [::1]:65414 Closing
[Mon Aug 31 09:13:55 2026] [::1]:65416 Accepted
[Mon Aug 31 09:13:55 2026] [::1]:65416 Closing
[Mon Aug 31 09:13:55 2026] [::1]:65418 Accepted
[Mon Aug 31 09:13:55 2026] [::1]:65418 Closing
[Mon Aug 31 09:14:02 2026] [::1]:65442 Accepted
[Mon Aug 31 09:14:02 2026] [::1]:65442 Closing
[Mon Aug 31 09:14:10 2026] [::1]:65466 Accepted
[Mon Aug 31 09:14:10 2026] [::1]:65466 Closing
[Mon Aug 31 09:14:25 2026] [::1]:55373 Accepted
[Mon Aug 31 09:14:25 2026] [::1]:55373 Closing
[Mon Aug 31 09:14:51 2026] [::1]:55402 Accepted
[Mon Aug 31 09:14:51 2026] [::1]:55402 Closing
[Mon Aug 31 09:14:51 2026] [::1]:55404 Accepted
[Mon Aug 31 09:14:51 2026] [::1]:55404 Closing
[Mon Aug 31 09:15:44 2026] [::1]:60389 Accepted
[Mon Aug 31 09:15:44 2026] [::1]:60389 Closing
[Mon Aug 31 09:18:15 2026] [::1]:54778 Accepted
[Mon Aug 31 09:18:15 2026] [::1]:54778 Closing
[Mon Aug 31 09:18:15 2026] [::1]:54780 Accepted
[Mon Aug 31 09:18:16 2026] [::1]:54780 Closing
[Mon Aug 31 09:18:16 2026] [::1]:54782 Accepted
[Mon Aug 31 09:18:16 2026] [::1]:54782 Closing
[Mon Aug 31 09:18:16 2026] [::1]:54784 Accepted
[Mon Aug 31 09:18:16 2026] [::1]:54784 Closing
[Mon Aug 31 09:32:07 2026] [::1]:52765 Accepted
[Mon Aug 31 09:32:07 2026] [::1]:53524 Accepted
[Mon Aug 31 09:32:08 2026] [::1]:53524 Closing
[Mon Aug 31 09:32:08 2026] [::1]:52765 Closing
[Mon Aug 31 09:32:08 2026] [::1]:59096 Accepted
[Mon Aug 31 09:32:08 2026] [::1]:59096 [200]: GET /assets/css/app.css
[Mon Aug 31 09:32:08 2026] [::1]:59096 Closing
[Mon Aug 31 09:32:08 2026] [::1]:52079 Accepted
[Mon Aug 31 09:32:08 2026] [::1]:55237 Accepted
[Mon Aug 31 09:32:08 2026] [::1]:52079 Closing
[Mon Aug 31 09:32:08 2026] [::1]:57717 Accepted
[Mon Aug 31 09:32:08 2026] [::1]:55237 [200]: GET /uploads/1788174216_bbd5b7738343e54bc028.jpg
[Mon Aug 31 09:32:08 2026] [::1]:57717 [200]: GET /assets/js/app.js
[Mon Aug 31 09:32:08 2026] [::1]:55237 Closing
[Mon Aug 31 09:32:08 2026] [::1]:57717 Closing
[Mon Aug 31 09:32:09 2026] [::1]:51549 Accepted
[Mon Aug 31 09:32:09 2026] [::1]:51549 Closing
[Mon Aug 31 09:32:10 2026] [::1]:62986 Accepted
[Mon Aug 31 09:32:10 2026] [::1]:51137 Accepted
[Mon Aug 31 09:32:10 2026] [::1]:62986 Closing
[Mon Aug 31 09:32:10 2026] [::1]:51137 Closing
[Mon Aug 31 09:32:10 2026] [::1]:50051 Accepted
[Mon Aug 31 09:32:10 2026] [::1]:49571 Accepted
[Mon Aug 31 09:32:10 2026] [::1]:50051 [200]: GET /assets/css/app.css
[Mon Aug 31 09:32:10 2026] [::1]:65275 Accepted
[Mon Aug 31 09:32:10 2026] [::1]:49571 [200]: GET /uploads/1788174216_bbd5b7738343e54bc028.jpg
[Mon Aug 31 09:32:10 2026] [::1]:65275 [200]: GET /assets/js/app.js
[Mon Aug 31 09:32:10 2026] [::1]:50051 Closing
[Mon Aug 31 09:32:10 2026] [::1]:49571 Closing
[Mon Aug 31 09:32:10 2026] [::1]:65275 Closing
[Mon Aug 31 09:32:11 2026] [::1]:51582 Accepted
[Mon Aug 31 09:32:11 2026] [::1]:51582 Closing
[Mon Aug 31 09:32:11 2026] [::1]:54337 Accepted
[Mon Aug 31 09:32:11 2026] [::1]:54337 [200]: GET /favicon.ico
[Mon Aug 31 09:32:11 2026] [::1]:54337 Closing
[Mon Aug 31 09:32:13 2026] [::1]:60965 Accepted
[Mon Aug 31 09:32:13 2026] [::1]:52757 Accepted
[Mon Aug 31 09:32:13 2026] [::1]:60965 Closing
[Mon Aug 31 09:32:13 2026] [::1]:52757 Closing
[Mon Aug 31 09:32:13 2026] [::1]:49691 Accepted
[Mon Aug 31 09:32:13 2026] [::1]:49691 Closing
[Mon Aug 31 09:32:14 2026] [::1]:49181 Accepted
[Mon Aug 31 09:32:14 2026] [::1]:49181 [200]: GET /favicon.ico
[Mon Aug 31 09:32:14 2026] [::1]:49181 Closing
[Mon Aug 31 09:32:16 2026] [::1]:63184 Accepted
[Mon Aug 31 09:32:17 2026] [::1]:63184 Closing
[Mon Aug 31 09:32:17 2026] [::1]:52076 Accepted
[Mon Aug 31 09:32:17 2026] [::1]:52076 Closing
[Mon Aug 31 09:32:17 2026] [::1]:62169 Accepted
[Mon Aug 31 09:32:17 2026] [::1]:55165 Accepted
[Mon Aug 31 09:32:17 2026] [::1]:62169 [200]: GET /assets/css/app.css
[Mon Aug 31 09:32:17 2026] [::1]:61998 Accepted
[Mon Aug 31 09:32:17 2026] [::1]:55165 [200]: GET /uploads/1788174216_bbd5b7738343e54bc028.jpg
[Mon Aug 31 09:32:17 2026] [::1]:61998 [200]: GET /assets/js/app.js
[Mon Aug 31 09:32:17 2026] [::1]:62169 Closing
[Mon Aug 31 09:32:17 2026] [::1]:55165 Closing
[Mon Aug 31 09:32:17 2026] [::1]:61998 Closing
[Mon Aug 31 09:32:17 2026] [::1]:55525 Accepted
[Mon Aug 31 09:32:17 2026] [::1]:55525 Closing
[Mon Aug 31 09:32:19 2026] [::1]:63056 Accepted
[Mon Aug 31 09:32:19 2026] [::1]:63056 Closing
[Mon Aug 31 09:32:19 2026] [::1]:63157 Accepted
[Mon Aug 31 09:32:25 2026] [::1]:63157 Closing
[Mon Aug 31 09:32:25 2026] [::1]:52387 Accepted
[Mon Aug 31 09:32:25 2026] [::1]:52387 Closing
[Mon Aug 31 09:32:25 2026] [::1]:50361 Accepted
[Mon Aug 31 09:32:25 2026] [::1]:50221 Accepted
[Mon Aug 31 09:32:25 2026] [::1]:50361 [200]: GET /assets/css/app.css
[Mon Aug 31 09:32:25 2026] [::1]:49582 Accepted
[Mon Aug 31 09:32:25 2026] [::1]:50221 [200]: GET /uploads/1788174216_bbd5b7738343e54bc028.jpg
[Mon Aug 31 09:32:25 2026] [::1]:49582 [200]: GET /assets/js/app.js
[Mon Aug 31 09:32:25 2026] [::1]:50361 Closing
[Mon Aug 31 09:32:25 2026] [::1]:50221 Closing
[Mon Aug 31 09:32:25 2026] [::1]:49582 Closing
[Mon Aug 31 09:32:25 2026] [::1]:56052 Accepted
[Mon Aug 31 09:32:26 2026] [::1]:56052 Closing
[Mon Aug 31 09:32:27 2026] [::1]:53071 Accepted
[Mon Aug 31 09:32:27 2026] [::1]:53071 Closing
[Mon Aug 31 09:32:27 2026] [::1]:65275 Accepted
[Mon Aug 31 09:32:32 2026] [::1]:65275 Closing
[Mon Aug 31 09:32:32 2026] [::1]:61196 Accepted
[Mon Aug 31 09:32:32 2026] [::1]:65534 Accepted
[Mon Aug 31 09:32:32 2026] [::1]:61196 Closing
[Mon Aug 31 09:32:32 2026] [::1]:59098 Accepted
[Mon Aug 31 09:32:32 2026] [::1]:65534 [200]: GET /assets/css/app.css
[Mon Aug 31 09:32:32 2026] [::1]:61062 Accepted
[Mon Aug 31 09:32:32 2026] [::1]:59098 [200]: GET /uploads/1788174216_bbd5b7738343e54bc028.jpg
[Mon Aug 31 09:32:32 2026] [::1]:61062 [200]: GET /assets/js/app.js
[Mon Aug 31 09:32:32 2026] [::1]:65534 Closing
[Mon Aug 31 09:32:32 2026] [::1]:59098 Closing
[Mon Aug 31 09:32:32 2026] [::1]:61062 Closing
[Mon Aug 31 09:32:32 2026] [::1]:63059 Accepted
[Mon Aug 31 09:32:32 2026] [::1]:63059 Closing
[Mon Aug 31 09:32:33 2026] [::1]:55712 Accepted
[Mon Aug 31 09:32:33 2026] [::1]:55712 Closing
[Mon Aug 31 09:32:33 2026] [::1]:59395 Accepted
[Mon Aug 31 09:32:33 2026] [::1]:59395 Closing
[Mon Aug 31 09:32:33 2026] [::1]:49734 Accepted
[Mon Aug 31 09:32:33 2026] [::1]:62006 Accepted
[Mon Aug 31 09:32:33 2026] [::1]:49734 [200]: GET /assets/css/app.css
[Mon Aug 31 09:32:33 2026] [::1]:50587 Accepted
[Mon Aug 31 09:32:33 2026] [::1]:62006 [200]: GET /uploads/1788174216_bbd5b7738343e54bc028.jpg
[Mon Aug 31 09:32:33 2026] [::1]:50587 [200]: GET /assets/js/app.js
[Mon Aug 31 09:32:33 2026] [::1]:49734 Closing
[Mon Aug 31 09:32:33 2026] [::1]:62006 Closing
[Mon Aug 31 09:32:33 2026] [::1]:50587 Closing
[Mon Aug 31 09:32:33 2026] [::1]:59006 Accepted
[Mon Aug 31 09:32:33 2026] [::1]:59006 Closing
[Mon Aug 31 09:32:34 2026] [::1]:49245 Accepted
[Mon Aug 31 09:32:34 2026] [::1]:58064 Accepted
[Mon Aug 31 09:32:35 2026] [::1]:49245 Closing
[Mon Aug 31 09:32:35 2026] [::1]:58064 Closing
[Mon Aug 31 09:32:35 2026] [::1]:56423 Accepted
[Mon Aug 31 09:32:35 2026] [::1]:50141 Accepted
[Mon Aug 31 09:32:35 2026] [::1]:56423 [200]: GET /assets/css/app.css
[Mon Aug 31 09:32:35 2026] [::1]:52895 Accepted
[Mon Aug 31 09:32:35 2026] [::1]:50141 [200]: GET /uploads/1788174216_bbd5b7738343e54bc028.jpg
[Mon Aug 31 09:32:35 2026] [::1]:52895 [200]: GET /assets/js/app.js
[Mon Aug 31 09:32:35 2026] [::1]:56423 Closing
[Mon Aug 31 09:32:35 2026] [::1]:50141 Closing
[Mon Aug 31 09:32:35 2026] [::1]:52895 Closing
[Mon Aug 31 09:32:35 2026] [::1]:51781 Accepted
[Mon Aug 31 09:32:35 2026] [::1]:51781 Closing
[Mon Aug 31 09:32:36 2026] [::1]:59126 Accepted
[Mon Aug 31 09:32:37 2026] [::1]:59126 Closing
[Mon Aug 31 09:32:37 2026] [::1]:65043 Accepted
[Mon Aug 31 09:32:40 2026] [::1]:65043 Closing
[Mon Aug 31 09:32:40 2026] [::1]:56949 Accepted
[Mon Aug 31 09:32:44 2026] [::1]:56949 Closing
[Mon Aug 31 09:32:44 2026] [::1]:65310 Accepted
[Mon Aug 31 09:32:44 2026] [::1]:65310 Closing
[Mon Aug 31 09:32:44 2026] [::1]:64158 Accepted
[Mon Aug 31 09:32:44 2026] [::1]:56805 Accepted
[Mon Aug 31 09:32:44 2026] [::1]:64158 [200]: GET /assets/css/app.css
[Mon Aug 31 09:32:44 2026] [::1]:50468 Accepted
[Mon Aug 31 09:32:44 2026] [::1]:56805 [200]: GET /uploads/1788174216_bbd5b7738343e54bc028.jpg
[Mon Aug 31 09:32:44 2026] [::1]:50468 [200]: GET /assets/js/app.js
[Mon Aug 31 09:32:44 2026] [::1]:64158 Closing
[Mon Aug 31 09:32:44 2026] [::1]:56805 Closing
[Mon Aug 31 09:32:44 2026] [::1]:50468 Closing
[Mon Aug 31 09:32:44 2026] [::1]:62238 Accepted
[Mon Aug 31 09:32:44 2026] [::1]:62238 Closing
[Mon Aug 31 09:32:46 2026] [::1]:64874 Accepted
[Mon Aug 31 09:32:46 2026] [::1]:58108 Accepted
[Mon Aug 31 09:32:46 2026] [::1]:64874 Closing
[Mon Aug 31 09:32:47 2026] [::1]:58108 Closing
[Mon Aug 31 09:32:47 2026] [::1]:61679 Accepted
[Mon Aug 31 09:32:48 2026] [::1]:61679 Closing
[Mon Aug 31 09:32:48 2026] [::1]:62988 Accepted
[Mon Aug 31 09:32:54 2026] [::1]:62988 Closing
[Mon Aug 31 09:32:54 2026] [::1]:59152 Accepted
[Mon Aug 31 09:32:54 2026] [::1]:59152 Closing
[Mon Aug 31 09:32:54 2026] [::1]:64041 Accepted
[Mon Aug 31 09:32:54 2026] [::1]:64041 Closing
[Mon Aug 31 09:32:54 2026] [::1]:56288 Accepted
[Mon Aug 31 09:32:55 2026] [::1]:56288 Closing
[Mon Aug 31 09:33:26 2026] [::1]:55086 Accepted
[Mon Aug 31 09:33:26 2026] [::1]:55086 Closing
[Mon Aug 31 09:34:04 2026] [::1]:49958 Accepted
[Mon Aug 31 09:34:04 2026] [::1]:52053 Accepted
[Mon Aug 31 09:34:05 2026] [::1]:49958 Closing
[Mon Aug 31 09:34:05 2026] [::1]:52053 Closing
[Mon Aug 31 09:34:05 2026] [::1]:56929 Accepted
[Mon Aug 31 09:34:05 2026] [::1]:56929 Closing
[Mon Aug 31 09:34:05 2026] [::1]:61257 Accepted
[Mon Aug 31 09:34:05 2026] [::1]:61257 [200]: GET /favicon.ico
[Mon Aug 31 09:34:05 2026] [::1]:61257 Closing
[Mon Aug 31 09:34:55 2026] [::1]:58188 Accepted
[Mon Aug 31 09:34:55 2026] [::1]:56045 Accepted
[Mon Aug 31 09:34:55 2026] [::1]:56045 Closing
[Mon Aug 31 09:34:55 2026] [::1]:58188 Closing
[Mon Aug 31 09:34:55 2026] [::1]:50815 Accepted
[Mon Aug 31 09:34:56 2026] [::1]:50815 Closing
[Mon Aug 31 09:34:56 2026] [::1]:53982 Accepted
[Mon Aug 31 09:34:56 2026] [::1]:62815 Accepted
[Mon Aug 31 09:34:56 2026] [::1]:53982 [200]: GET /assets/css/app.css
[Mon Aug 31 09:34:56 2026] [::1]:60919 Accepted
[Mon Aug 31 09:34:56 2026] [::1]:62815 [200]: GET /uploads/1788174216_bbd5b7738343e54bc028.jpg
[Mon Aug 31 09:34:56 2026] [::1]:60919 [200]: GET /assets/js/app.js
[Mon Aug 31 09:34:56 2026] [::1]:53982 Closing
[Mon Aug 31 09:34:56 2026] [::1]:62815 Closing
[Mon Aug 31 09:34:56 2026] [::1]:60919 Closing
[Mon Aug 31 09:34:56 2026] [::1]:51165 Accepted
[Mon Aug 31 09:34:56 2026] [::1]:51165 Closing
[Mon Aug 31 09:34:57 2026] [::1]:51590 Accepted
[Mon Aug 31 09:34:58 2026] [::1]:51590 Closing
[Mon Aug 31 09:34:58 2026] [::1]:56030 Accepted
[Mon Aug 31 09:34:58 2026] [::1]:56030 Closing
[Mon Aug 31 09:34:58 2026] [::1]:62166 Accepted
[Mon Aug 31 09:34:58 2026] [::1]:61977 Accepted
[Mon Aug 31 09:34:58 2026] [::1]:62166 [200]: GET /assets/css/app.css
[Mon Aug 31 09:34:58 2026] [::1]:57175 Accepted
[Mon Aug 31 09:34:58 2026] [::1]:61977 [200]: GET /uploads/1788174216_bbd5b7738343e54bc028.jpg
[Mon Aug 31 09:34:58 2026] [::1]:57175 [200]: GET /assets/js/app.js
[Mon Aug 31 09:34:58 2026] [::1]:62166 Closing
[Mon Aug 31 09:34:58 2026] [::1]:61977 Closing
[Mon Aug 31 09:34:58 2026] [::1]:57175 Closing
[Mon Aug 31 09:34:58 2026] [::1]:61630 Accepted
[Mon Aug 31 09:34:58 2026] [::1]:61630 Closing
[Mon Aug 31 09:34:59 2026] [::1]:52592 Accepted
[Mon Aug 31 09:34:59 2026] [::1]:52592 Closing
[Mon Aug 31 09:34:59 2026] [::1]:53675 Accepted
[Mon Aug 31 09:34:59 2026] [::1]:53675 Closing
[Mon Aug 31 09:34:59 2026] [::1]:58724 Accepted
[Mon Aug 31 09:34:59 2026] [::1]:61318 Accepted
[Mon Aug 31 09:34:59 2026] [::1]:58724 [200]: GET /assets/css/app.css
[Mon Aug 31 09:34:59 2026] [::1]:57191 Accepted
[Mon Aug 31 09:34:59 2026] [::1]:61318 [200]: GET /uploads/1788174216_bbd5b7738343e54bc028.jpg
[Mon Aug 31 09:34:59 2026] [::1]:57191 [200]: GET /assets/js/app.js
[Mon Aug 31 09:34:59 2026] [::1]:58724 Closing
[Mon Aug 31 09:34:59 2026] [::1]:61318 Closing
[Mon Aug 31 09:34:59 2026] [::1]:57191 Closing
[Mon Aug 31 09:34:59 2026] [::1]:51471 Accepted
[Mon Aug 31 09:34:59 2026] [::1]:51471 Closing
[Mon Aug 31 09:35:02 2026] [::1]:51392 Accepted
[Mon Aug 31 09:35:03 2026] [::1]:51392 Closing
[Mon Aug 31 09:35:03 2026] [::1]:64340 Accepted
[Mon Aug 31 09:35:03 2026] [::1]:64340 Closing
[Mon Aug 31 09:35:03 2026] [::1]:53467 Accepted
[Mon Aug 31 09:35:03 2026] [::1]:57926 Accepted
[Mon Aug 31 09:35:03 2026] [::1]:53467 [200]: GET /assets/css/app.css
[Mon Aug 31 09:35:03 2026] [::1]:55144 Accepted
[Mon Aug 31 09:35:03 2026] [::1]:57926 [200]: GET /uploads/1788174216_bbd5b7738343e54bc028.jpg
[Mon Aug 31 09:35:03 2026] [::1]:55144 [200]: GET /assets/js/app.js
[Mon Aug 31 09:35:03 2026] [::1]:53467 Closing
[Mon Aug 31 09:35:03 2026] [::1]:57926 Closing
[Mon Aug 31 09:35:03 2026] [::1]:55144 Closing
[Mon Aug 31 09:35:03 2026] [::1]:61191 Accepted
[Mon Aug 31 09:35:03 2026] [::1]:61191 Closing
[Mon Aug 31 09:35:05 2026] [::1]:63189 Accepted
[Mon Aug 31 09:35:05 2026] [::1]:58065 Accepted
[Mon Aug 31 09:35:05 2026] [::1]:63189 Closing
[Mon Aug 31 09:35:06 2026] [::1]:58065 Closing
[Mon Aug 31 09:35:06 2026] [::1]:53351 Accepted
[Mon Aug 31 09:35:06 2026] [::1]:55195 Accepted
[Mon Aug 31 09:35:06 2026] [::1]:53351 [200]: GET /assets/css/app.css
[Mon Aug 31 09:35:06 2026] [::1]:56959 Accepted
[Mon Aug 31 09:35:06 2026] [::1]:55195 [200]: GET /uploads/1788174216_bbd5b7738343e54bc028.jpg
[Mon Aug 31 09:35:06 2026] [::1]:56959 [200]: GET /assets/js/app.js
[Mon Aug 31 09:35:06 2026] [::1]:53351 Closing
[Mon Aug 31 09:35:06 2026] [::1]:55195 Closing
[Mon Aug 31 09:35:06 2026] [::1]:56959 Closing
[Mon Aug 31 09:35:06 2026] [::1]:65317 Accepted
[Mon Aug 31 09:35:06 2026] [::1]:65317 Closing
[Mon Aug 31 09:35:11 2026] [::1]:63222 Accepted
[Mon Aug 31 09:35:11 2026] [::1]:63222 Closing
[Mon Aug 31 09:35:11 2026] [::1]:60304 Accepted
[Mon Aug 31 09:35:11 2026] [::1]:60304 Closing
[Mon Aug 31 09:35:11 2026] [::1]:63776 Accepted
[Mon Aug 31 09:35:11 2026] [::1]:56866 Accepted
[Mon Aug 31 09:35:11 2026] [::1]:63776 [200]: GET /assets/css/app.css
[Mon Aug 31 09:35:11 2026] [::1]:50352 Accepted
[Mon Aug 31 09:35:11 2026] [::1]:56866 [200]: GET /uploads/1788174216_bbd5b7738343e54bc028.jpg
[Mon Aug 31 09:35:11 2026] [::1]:50352 [200]: GET /assets/js/app.js
[Mon Aug 31 09:35:11 2026] [::1]:63776 Closing
[Mon Aug 31 09:35:11 2026] [::1]:56866 Closing
[Mon Aug 31 09:35:11 2026] [::1]:50352 Closing
[Mon Aug 31 09:35:11 2026] [::1]:59245 Accepted
[Mon Aug 31 09:35:12 2026] [::1]:59245 Closing
[Mon Aug 31 09:35:14 2026] [::1]:55130 Accepted
[Mon Aug 31 09:35:15 2026] [::1]:55130 Closing
[Mon Aug 31 09:35:15 2026] [::1]:53233 Accepted
[Mon Aug 31 09:35:15 2026] [::1]:53233 Closing
[Mon Aug 31 09:35:15 2026] [::1]:53354 Accepted
[Mon Aug 31 09:35:15 2026] [::1]:63098 Accepted
[Mon Aug 31 09:35:15 2026] [::1]:53354 [200]: GET /assets/css/app.css
[Mon Aug 31 09:35:15 2026] [::1]:55969 Accepted
[Mon Aug 31 09:35:15 2026] [::1]:63098 [200]: GET /uploads/1788174216_bbd5b7738343e54bc028.jpg
[Mon Aug 31 09:35:15 2026] [::1]:55969 [200]: GET /assets/js/app.js
[Mon Aug 31 09:35:15 2026] [::1]:53354 Closing
[Mon Aug 31 09:35:15 2026] [::1]:63098 Closing
[Mon Aug 31 09:35:15 2026] [::1]:55969 Closing
[Mon Aug 31 09:35:15 2026] [::1]:61045 Accepted
[Mon Aug 31 09:35:15 2026] [::1]:61045 Closing
[Mon Aug 31 09:35:17 2026] [::1]:53563 Accepted
[Mon Aug 31 09:35:18 2026] [::1]:53563 Closing
[Mon Aug 31 09:35:18 2026] [::1]:58226 Accepted
[Mon Aug 31 09:35:18 2026] [::1]:58226 Closing
[Mon Aug 31 09:35:18 2026] [::1]:64840 Accepted
[Mon Aug 31 09:35:18 2026] [::1]:56682 Accepted
[Mon Aug 31 09:35:18 2026] [::1]:64840 [200]: GET /assets/css/app.css
[Mon Aug 31 09:35:18 2026] [::1]:54953 Accepted
[Mon Aug 31 09:35:18 2026] [::1]:56682 [200]: GET /uploads/1788174216_bbd5b7738343e54bc028.jpg
[Mon Aug 31 09:35:18 2026] [::1]:54953 [200]: GET /assets/js/app.js
[Mon Aug 31 09:35:18 2026] [::1]:64840 Closing
[Mon Aug 31 09:35:18 2026] [::1]:56682 Closing
[Mon Aug 31 09:35:18 2026] [::1]:54953 Closing
[Mon Aug 31 09:35:18 2026] [::1]:52196 Accepted
[Mon Aug 31 09:35:18 2026] [::1]:52196 Closing
[Mon Aug 31 09:35:21 2026] [::1]:51193 Accepted
[Mon Aug 31 09:35:22 2026] [::1]:51193 Closing
[Mon Aug 31 09:35:22 2026] [::1]:59721 Accepted
[Mon Aug 31 09:35:22 2026] [::1]:59721 Closing
[Mon Aug 31 09:35:22 2026] [::1]:62898 Accepted
[Mon Aug 31 09:35:22 2026] [::1]:63262 Accepted
[Mon Aug 31 09:35:22 2026] [::1]:62898 [200]: GET /assets/css/app.css
[Mon Aug 31 09:35:22 2026] [::1]:50082 Accepted
[Mon Aug 31 09:35:22 2026] [::1]:63262 [200]: GET /uploads/1788174216_bbd5b7738343e54bc028.jpg
[Mon Aug 31 09:35:22 2026] [::1]:50082 [200]: GET /assets/js/app.js
[Mon Aug 31 09:35:22 2026] [::1]:62898 Closing
[Mon Aug 31 09:35:22 2026] [::1]:63262 Closing
[Mon Aug 31 09:35:22 2026] [::1]:50082 Closing
[Mon Aug 31 09:35:22 2026] [::1]:61671 Accepted
[Mon Aug 31 09:35:22 2026] [::1]:61671 Closing
[Mon Aug 31 09:35:26 2026] [::1]:59656 Accepted
[Mon Aug 31 09:35:26 2026] [::1]:59656 Closing
[Mon Aug 31 09:35:26 2026] [::1]:64648 Accepted
[Mon Aug 31 09:35:26 2026] [::1]:64648 Closing
[Mon Aug 31 09:35:26 2026] [::1]:51226 Accepted
[Mon Aug 31 09:35:26 2026] [::1]:61650 Accepted
[Mon Aug 31 09:35:26 2026] [::1]:51226 [200]: GET /assets/css/app.css
[Mon Aug 31 09:35:26 2026] [::1]:62514 Accepted
[Mon Aug 31 09:35:26 2026] [::1]:61650 [200]: GET /uploads/1788174216_bbd5b7738343e54bc028.jpg
[Mon Aug 31 09:35:26 2026] [::1]:62514 [200]: GET /assets/js/app.js
[Mon Aug 31 09:35:26 2026] [::1]:51226 Closing
[Mon Aug 31 09:35:26 2026] [::1]:61650 Closing
[Mon Aug 31 09:35:26 2026] [::1]:62514 Closing
[Mon Aug 31 09:35:26 2026] [::1]:63586 Accepted
[Mon Aug 31 09:35:27 2026] [::1]:63586 Closing
[Mon Aug 31 09:35:29 2026] [::1]:53570 Accepted
[Mon Aug 31 09:35:30 2026] [::1]:53570 Closing
[Mon Aug 31 09:35:30 2026] [::1]:55662 Accepted
[Mon Aug 31 09:35:30 2026] [::1]:55662 Closing
[Mon Aug 31 09:35:30 2026] [::1]:52564 Accepted
[Mon Aug 31 09:35:30 2026] [::1]:49155 Accepted
[Mon Aug 31 09:35:30 2026] [::1]:52564 [200]: GET /assets/css/app.css
[Mon Aug 31 09:35:30 2026] [::1]:58190 Accepted
[Mon Aug 31 09:35:30 2026] [::1]:49155 [200]: GET /uploads/1788174216_bbd5b7738343e54bc028.jpg
[Mon Aug 31 09:35:30 2026] [::1]:58190 [200]: GET /assets/js/app.js
[Mon Aug 31 09:35:30 2026] [::1]:52564 Closing
[Mon Aug 31 09:35:30 2026] [::1]:49155 Closing
[Mon Aug 31 09:35:30 2026] [::1]:58190 Closing
[Mon Aug 31 09:35:30 2026] [::1]:63797 Accepted
[Mon Aug 31 09:35:30 2026] [::1]:63797 Closing
[Mon Aug 31 09:35:32 2026] [::1]:64696 Accepted
[Mon Aug 31 09:35:32 2026] [::1]:58979 Accepted
[Mon Aug 31 09:35:33 2026] [::1]:64696 Closing
[Mon Aug 31 09:35:36 2026] [::1]:58979 Closing
[Mon Aug 31 09:35:36 2026] [::1]:49366 Accepted
[Mon Aug 31 09:35:36 2026] [::1]:49366 Closing
[Mon Aug 31 09:35:36 2026] [::1]:59385 Accepted
[Mon Aug 31 09:35:36 2026] [::1]:54842 Accepted
[Mon Aug 31 09:35:36 2026] [::1]:59385 [200]: GET /assets/css/app.css
[Mon Aug 31 09:35:36 2026] [::1]:52416 Accepted
[Mon Aug 31 09:35:36 2026] [::1]:54842 [200]: GET /uploads/1788174216_bbd5b7738343e54bc028.jpg
[Mon Aug 31 09:35:36 2026] [::1]:52416 [200]: GET /assets/js/app.js
[Mon Aug 31 09:35:36 2026] [::1]:59385 Closing
[Mon Aug 31 09:35:36 2026] [::1]:54842 Closing
[Mon Aug 31 09:35:36 2026] [::1]:52416 Closing
[Mon Aug 31 09:35:36 2026] [::1]:64018 Accepted
[Mon Aug 31 09:35:36 2026] [::1]:64018 Closing
[Mon Aug 31 09:35:50 2026] [::1]:51752 Accepted
[Mon Aug 31 09:35:50 2026] [::1]:51752 Closing
[Mon Aug 31 09:35:50 2026] [::1]:57967 Accepted
[Mon Aug 31 09:36:17 2026] [::1]:52276 Accepted
[Mon Aug 31 09:36:17 2026] [::1]:57967 Closing
[Mon Aug 31 09:36:17 2026] [::1]:52276 Closing
[Mon Aug 31 09:36:17 2026] [::1]:61392 Accepted
[Mon Aug 31 09:36:17 2026] [::1]:61392 Closing
[Mon Aug 31 09:36:17 2026] [::1]:54997 Accepted
[Mon Aug 31 09:36:17 2026] [::1]:54997 Closing
[Mon Aug 31 09:36:32 2026] [::1]:65199 Accepted
[Mon Aug 31 09:36:32 2026] [::1]:65199 Closing
[Mon Aug 31 09:36:32 2026] [::1]:65201 Accepted
[Mon Aug 31 09:36:32 2026] [::1]:65201 Closing
[Mon Aug 31 09:36:55 2026] [::1]:58118 Accepted
[Mon Aug 31 09:36:55 2026] [::1]:58118 Closing
[Mon Aug 31 09:37:03 2026] [::1]:57159 Accepted
[Mon Aug 31 09:37:03 2026] [::1]:57159 Closing
[Mon Aug 31 09:37:12 2026] [::1]:61485 Accepted
[Mon Aug 31 09:37:12 2026] [::1]:61485 Closing
[Mon Aug 31 09:37:22 2026] [::1]:57416 Accepted
[Mon Aug 31 09:37:22 2026] [::1]:57416 Closing
[Mon Aug 31 09:37:22 2026] [::1]:57418 Accepted
[Mon Aug 31 09:37:22 2026] [::1]:57418 Closing
[Mon Aug 31 09:44:42 2026] [::1]:54967 Accepted
[Mon Aug 31 09:44:42 2026] [::1]:54967 Closing
[Mon Aug 31 09:46:04 2026] [::1]:58896 Accepted
[Mon Aug 31 09:46:04 2026] [::1]:49986 Accepted
[Mon Aug 31 09:46:04 2026] [::1]:49986 Closing
[Mon Aug 31 09:46:06 2026] [::1]:58896 Closing
[Mon Aug 31 09:46:06 2026] [::1]:53779 Accepted
[Mon Aug 31 09:46:07 2026] [::1]:53779 [200]: GET /favicon.ico
[Mon Aug 31 09:46:07 2026] [::1]:53779 Closing
[Mon Aug 31 09:53:17 2026] [::1]:55641 Accepted
[Mon Aug 31 09:53:17 2026] [::1]:55470 Accepted
[Mon Aug 31 09:53:17 2026] [::1]:55470 Closing
[Mon Aug 31 09:53:18 2026] [::1]:55641 [200]: GET /favicon.ico
[Mon Aug 31 09:53:18 2026] [::1]:55641 Closing
[Mon Aug 31 10:03:06 2026] [::1]:54696 Accepted
[Mon Aug 31 10:03:06 2026] [::1]:64324 Accepted
[Mon Aug 31 10:03:06 2026] [::1]:64324 Closing
[Mon Aug 31 10:03:07 2026] [::1]:54696 [200]: GET /favicon.ico
[Mon Aug 31 10:03:07 2026] [::1]:54696 Closing
[Mon Aug 31 10:19:07 2026] [::1]:55945 Accepted
[Mon Aug 31 10:19:07 2026] [::1]:52674 Accepted
[Mon Aug 31 10:19:08 2026] [::1]:55945 Closing
[Mon Aug 31 10:20:10 2026] [::1]:52674 Closed without sending a request; it was probably just an unused speculative preconnection
[Mon Aug 31 10:20:10 2026] [::1]:52674 Closing
[Tue Sep  1 05:31:40 2026] [::1]:62226 Accepted
[Tue Sep  1 05:31:40 2026] [::1]:53236 Accepted
[Tue Sep  1 05:31:41 2026] [::1]:53236 Closing
[Tue Sep  1 05:32:40 2026] [::1]:62226 Closed without sending a request; it was probably just an unused speculative preconnection
[Tue Sep  1 05:32:40 2026] [::1]:62226 Closing
[Tue Sep  1 08:55:02 2026] [::1]:55996 Accepted
[Tue Sep  1 08:55:02 2026] [::1]:63231 Accepted
[Tue Sep  1 08:55:02 2026] [::1]:55996 Closing
[Tue Sep  1 08:56:06 2026] [::1]:63231 Closed without sending a request; it was probably just an unused speculative preconnection
[Tue Sep  1 08:56:06 2026] [::1]:63231 Closing
[Tue Sep  1 10:09:15 2026] [::1]:65479 Accepted
[Tue Sep  1 10:09:15 2026] [::1]:62818 Accepted
[Tue Sep  1 10:09:16 2026] [::1]:62818 Closing
[Tue Sep  1 10:11:56 2026] [::1]:65479 Closed without sending a request; it was probably just an unused speculative preconnection
[Tue Sep  1 10:11:56 2026] [::1]:65479 Closing
[Tue Sep  1 10:21:12 2026] [::1]:64640 Accepted
[Tue Sep  1 10:21:12 2026] [::1]:60253 Accepted
[Tue Sep  1 10:21:13 2026] [::1]:60253 Closing
[Tue Sep  1 10:22:32 2026] [::1]:64640 Closed without sending a request; it was probably just an unused speculative preconnection
[Tue Sep  1 10:22:32 2026] [::1]:64640 Closing
[Tue Sep  1 10:26:48 2026] [::1]:60131 Accepted
[Tue Sep  1 10:26:49 2026] [::1]:60131 Closing
[Tue Sep  1 10:26:56 2026] [::1]:60143 Accepted
[Tue Sep  1 10:26:56 2026] [::1]:60143 Closing
[Tue Sep  1 10:26:57 2026] [::1]:60145 Accepted
[Tue Sep  1 10:26:57 2026] [::1]:60145 Closing
[Tue Sep  1 10:26:57 2026] [::1]:60146 Accepted
[Tue Sep  1 10:26:57 2026] [::1]:60146 Closing
[Tue Sep  1 10:26:57 2026] [::1]:60149 Accepted
[Tue Sep  1 10:26:57 2026] [::1]:60149 Closing
[Tue Sep  1 10:26:57 2026] [::1]:60150 Accepted
[Tue Sep  1 10:26:57 2026] [::1]:60150 Closing
[Tue Sep  1 10:26:57 2026] [::1]:60151 Accepted
[Tue Sep  1 10:26:57 2026] [::1]:60151 Closing
[Tue Sep  1 10:27:04 2026] [::1]:60160 Accepted
[Tue Sep  1 10:27:04 2026] [::1]:60160 Closing
[Tue Sep  1 10:27:04 2026] [::1]:60161 Accepted
[Tue Sep  1 10:27:04 2026] [::1]:60161 Closing
[Tue Sep  1 10:27:04 2026] [::1]:60162 Accepted
[Tue Sep  1 10:27:04 2026] [::1]:60162 Closing
[Tue Sep  1 10:27:25 2026] PHP 8.2.12 Development Server (http://localhost:8081) started
